price,predict
447.05,-0.006525374
449.55,0.001069476
451.69,-0.007638146
451.95,-0.001359196
453.95,-8.06E-05
450.95,0.001602961
454.75,-0.003117189
449.25,-0.004094099
455.9,-0.00592566
452.25,-0.00164547
450.9,-0.000454748
440.6,0.001262555
437.3,-0.003171736
434.2,-0.001506616
438.85,-0.023457929
435.6,-0.00939144
440.6,-0.002723688
437.2,-0.007674135
441.5,-0.007276457
442.99,0.008362224
441.6,-0.012540093
439.7,-0.008754345
442.24,0.002147533
442.65,-0.001396807
444.35,-0.011195483
443.75,0.001330447
436.45,0.000705185
437.99,-0.006787101
438.45,-0.003962019
429.55,-0.012014328
427.55,-0.004962324
426.55,-0.004523735
421.4,-0.008903218
419.05,0.00405316
419.63,-0.001201259
421.65,-0.01125431
426.15,0.005520742
425.2,0.000767746
423.15,0.000542931
422.13,0.000617213
423.05,-0.001394927
423.15,-0.00329144
422.35,-0.001790102
427.25,0.018896388
427.35,0.00220601
422.2,-0.010572064
426.8,-0.004441948
426.2,0.001179005
427,0.005284005
422.6,0.004893283
421.13,-0.003622283
421.96,-0.00039399
417.2,-0.008381099
414.7,0.003402194
413.4,-0.009491044
412.7,-0.0024923
413.35,-0.003798051
417.8,-0.003084564
420.9,-0.006458446
425.75,0.005131041
425.75,-0.009460609
425.2,-0.001288736
427.17,-0.000118145
427.41,-0.009817042
427.45,-0.001813304
435.85,0.004702304
434.55,0.006680205
433.75,-0.000587231
435.25,-0.007558826
435.65,0.002500421
432.6,0.002869046
432.95,-0.004395199
429.65,-0.005384212
434.3,0.004328889
434.55,-0.008654379
440.55,0.00133943
440.6,-0.008202648
442.13,-0.008801662
444.95,-0.00392794
440.97,-0.006386293
440.7,0.00378016
443.15,-0.00264816
438.8,0.005364503
439.35,-0.000713852
431.2,0.010927203
427.11,0.00416481
425.35,-0.002657907
425.05,-0.003505868
424.88,-0.008445587
426.2,-0.015166616
426.1,-0.008554309
426.35,-0.007785949
428.35,0.004404979
426.25,0.012052222
424.25,0.007930253
425.35,0.006393044
426.7,-0.007335192
425.9,-0.004779062
427.1,0.009392897
428,-0.001415301
428.2,0.005074862
428.9,-0.004639145
424,-0.008263275
424.9,-0.000593665
427.35,-0.002087882
434,-0.009110046
434.6,0.006550733
432.57,-0.004351997
434.6,0.000935059
434.7,0.006988106
437.1,0.000340157
432.46,-0.003779992
431.4,0.001195177
434.39,-0.000783076
429.8,0.003381757
427.9,0.000739267
429.8,0.001041836
430.4,-0.001577754
426.2,-0.0068851
426.1,-0.006362692
426.6,-0.000261807
427.4,-0.0020275
422.4,-0.001650164
420.4,0.013155157
419.75,-0.005258431
418.75,-0.006223772
421.75,-0.001684585
420.6,0.001613053
417.65,-0.003858842
417.55,-0.004273415
418.35,-0.001106093
419.55,-0.009122608
417.8,0.002515538
420.45,-0.011209788
418.55,0.000248543
417.25,-0.002940564
415.4,-0.000716325
421.8,-0.003579953
422.45,-0.003342463
425.95,-0.001943633
424.75,-0.012222601
423.15,0.00826533
423.7,9.07E-05
427.05,-0.015062651
428.9,-0.009242849
426.85,-0.008055184
428.9,-0.001518315
435.65,0.00085472
437.65,0.003978596
437.9,-0.005703958
438.6,-0.009276315
438.15,-0.003569415
441.3,-0.014798039
439.95,-0.009409896
439.8,-0.004360545
435.55,-0.000587732
437.25,0.01207852
435.5,-0.006928889
427.4,-0.00389863
427.9,-0.006786677
423.6,0.011544358
423.76,-0.001512728
424.2,-0.008030355
423.1,-0.003232468
425.9,-0.006880484
426.95,-0.005272001
424.1,-0.007793599
419.6,-0.004079464
421.55,-0.00030423
421.05,-0.002980155
420.1,-0.000677217
423.15,-0.000694059
425.6,-0.0129897
425,0.006345798
425.85,-0.003058584
423.5,-9.38E-05
425.5,-0.000103498
428,0.003832384
429.8,0.004323938
432.2,-0.005035538
432.3,0.00558581
436.8,0.001124575
437.6,-0.003400087
437.3,0.003004374
435,0.027602559
434.8,0.011638163
437.6,0.007650636
445.9,0.001859353
446.2,-0.00178231
442.4,0.003281072
446.15,-0.001733331
440.1,0.000373104
439.7,0.003593811
436.3,0.007692896
438.2,-0.005572387
439.2,-0.005543748
437.67,-0.004247185
438.7,-0.018687989
437.7,-0.000543994
436.9,-0.005117726
431.6,-0.008647911
435.2,0.008522916
443.25,0.003477251
444.4,-0.00524899
445.35,-8.35E-05
444,0.000834724
444.7,-0.002780402
447.4,-0.005870637
449.2,-0.003779256
449.75,-0.005189879
446.5,0.007496158
450.3,-0.004450787
455.75,-0.00233146
459.75,-0.003817909
464.75,0.003659692
463.85,0.00224997
472.35,-0.001890784
466.05,-0.002377527
463.25,-0.000472385
466.65,0.005990853
462.5,-0.00347534
469,0.002237825
472.15,-0.007170289
469.3,0.006416853
465.95,-0.011562587
466.25,0.002327147
464.75,0.007229252
473.45,-0.004920958
474.85,-0.006747283
475.24,0.001561198
475.5,0.006933165
470.9,-0.017431108
471.6,-0.001258987
469.7,0.003377745
474,-0.00106483
472.2,0.00751059
464.55,-0.004904126
461.2,-0.002534677
466.89,-0.006642333
465.25,-0.004863989
472.6,-0.000244091
470.95,-0.001625845
473.65,0.003196797
473.49,-0.008278383
465.18,-0.001167255
459.15,-0.005047861
463.2,-0.004317586
461.1,0.00384232
456.9,-0.004266227
459.6,-0.007346651
460.8,-0.004339444
467.1,0.001235317
466.85,-0.007163834
468.7,0.001693638
467.5,-0.001543282
468.52,-0.004404408
479.3,-0.00258815
486,0.009936703
485.8,-0.004945939
491.76,0.001767119
494.58,-0.003739061
492.5,-0.007408064
493.49,0.003067096
496.08,-0.010158054
498.7,-0.003050873
499.8,-0.000434191
493.08,-0.014833998
503.9,-0.001369643
503.38,0.002751751
509.4,-0.005500132
511.4,-0.004968854
515.2,-0.003651123
521.13,0.004605294
526.4,0.000450299
528,0.00395932
518.7,-0.00296667
506.5,0.003817997
502.98,-0.013058922
503.24,-0.006956113
503.8,-0.000134744
492.25,-0.004210063
495.33,-0.000190562
504.33,0.000356377
502.8,0.001831989
505.13,0.003485724
507.9,-0.007957379
516.6,-0.006577462
516.9,-0.006744048
517,-0.007099764
516.88,-0.005446434
534.15,0.001667578
534.4,0.000989337
524.8,-0.003147991
539.95,-0.00790134
548.95,-0.000649356
542.5,0.000227846
547.5,0.000508376
546.4,0.005604148
557.34,-0.002818918
562.2,-0.003085655
554.8,0.005911954
542.95,-0.004412133
557.8,0.002997491
554.49,-0.002328192
559.4,0.006806429
558.6,0.008056288
563.4,4.89E-05
560.65,-0.000420738
559.5,0.006749565
568.35,0.000503418
568.9,-0.004188381
569.35,0.012842056
572.2,-0.012299643
568.9,0.006941132
569.9,0.000436589
548.45,0.006672571
551.45,-0.006319602
564.4,2.24E-05
551,0.001369693
540.35,-0.004312853
547.55,0.001327786
539.95,-0.004339326
548.15,0.002519898
552.1,-0.003144662
555.84,-0.00098181
554.35,-0.004438856
555.2,-0.000758586
548.84,0.001187487
559.05,-0.00431149
553.95,-0.001821213
561.55,0.003656946
562.95,-0.009672163
569.85,-0.003806293
565.4,-0.002465587
555.35,-0.005520705
552.7,-0.007009746
543.55,-0.004936401
546.05,0.001199139
541.05,-0.000515015
545.9,-0.003965065
551.05,0.006141128
552.95,-0.005145303
555.4,-0.010044542
554.1,-0.012039137
554.9,0.008645475
552.1,-0.008072141
550.8,-0.002254691
549.8,0.002804029
560.13,-0.001731451
567.3,-0.012543143
563.6,-0.002343529
573.6,0.009732688
588.65,-0.001450304
583.65,0.001991137
587.85,-0.001232638
586.7,-0.003909569
588.5,-0.013433679
595.3,0.003919318
588.85,-0.001990076
599.75,0.005360795
593.41,-0.004928447
598.38,0.00290735
596.47,-0.006386719
602.99,0.001577095
613.47,0.00342659
621.07,-0.006736699
640.2,0.003783598
612.5,-0.009965442
633.97,-0.001319899
620.7,0.000314137
630.3,-0.001678139
638.63,0.005753748
633.63,0.003663339
654.42,-0.002131269
655.1,-0.000196731
668.8,-0.001362259
667,-0.014654668
679.7,-0.0071288
683.8,-0.005670411
678.7,-0.004748254
700.9,-0.002910153
707.9,-0.002293682
714.3,-0.009605821
714.8,-0.001739528
677.4,-0.013278972
690.4,-0.0062527
687.1,-0.011632949
682.3,0.003036253
657.6,-0.016093352
656.05,-0.012205416
666.5,-0.002866206
640.7,0.004156183
650.9,-0.004271708
653.7,0.014453909
647.77,-0.002924068
652.9,0.001475855
645.2,0.00707773
629.6,-0.006548641
638.2,-0.00418902
637.15,0.004217076
630.65,-0.006389192
626.45,-0.002077572
613.25,-0.004026485
607.45,0.010613654
604.25,-0.003505476
562.05,-0.006824565
559.75,-0.008058789
577.05,-0.005710297
581.15,-0.016071007
565.25,-0.007138542
575.85,-0.005216662
587.55,0.000624313
580.65,0.004673618
583.05,-0.008386388
585.25,0.001659139
579.05,-0.001141257
580.15,-0.000746317
599.65,0.006205438
615.85,-0.000977089
623.49,-0.005332171
620.24,-0.015536288
628.15,-0.005705147
633.03,0.001937929
629.25,-0.002427158
624.15,-0.003911792
641.45,0.005489389
651.53,-0.003593738
660.05,0.004172421
664.15,-0.002016755
643.03,-0.007645308
633.05,0.004090627
642.75,-0.006346714
628.15,0.001120579
619.75,0.004664599
615.25,0.003174162
619.13,-0.00050907
624.75,-0.003875461
634.35,-0.000889342
634.75,-0.008414483
636.74,-0.003698586
646.84,-0.005358028
651.25,-0.012568185
644.92,0.004339277
646.5,-0.003702169
648.65,-0.000752425
642.55,-0.008617533
650.03,0.005353051
636.25,-0.00113787
632.55,-0.008530235
626.7,0.002189401
624.8,-0.006180784
629.05,-0.010554346
614,0.015292161
614.9,-0.009465489
628.1,0.013257155
625,0.00264243
622.34,0.001065385
621.4,-0.013094104
622.53,-0.001693096
614.78,-0.002350994
614.95,-0.00931954
619.28,-0.003359638
627.3,0.002218521
625.45,-0.004752856
626.5,-0.00101072
638.3,0.00982373
633.7,-0.017595352
616.8,0.002404979
610.8,0.011463642
589.74,0.004781075
587.45,-0.002746182
590.19,-0.015364019
575.25,-0.001668588
579.33,0.001273903
587.2,0.00157426
573.65,0.000571987
576.8,-0.003959669
584.2,-0.003843712
589.6,0.001286341
590.8,-0.008321301
592,-0.009666707
603.1,-0.00949397
601.3,0.003230742
598.3,-0.004152732
596.7,-0.00206784
574.5,-0.005127894
567,-0.000390987
574.3,-0.006439745
574.1,0.005257179
577.1,0.002926515
573,-0.006863731
573,0.005344769
579.3,-0.001820843
590.4,-0.001872786
596,-0.004626024
590.1,0.002722056
590.2,0.007281008
599.4,0.011503731
591.5,-0.005562227
581.95,-0.003134767
586.45,-0.002834676
591.05,0.005204059
597.15,-0.005012
599.95,0.000561634
604.1,-0.012280639
606.6,0.002904805
617.6,-0.005980577
624.7,-0.006527005
627.4,0.003696739
623.2,-0.011492179
624.8,-0.001227482
615.8,-0.005623612
633.41,0.005886748
628.55,-0.013099636
625.7,0.007452785
620.88,0.002850291
623.1,0.001067187
618.25,-0.00219616
621.7,-0.005492668
622.9,-0.002098158
627.5,-0.002888492
630.3,-0.002159505
631.25,-0.008209141
638.2,-0.000882399
640.6,0.002886034
640,0.011406236
636.65,-0.002567145
648,0.004040976
645.6,0.002542112
646.2,0.001925521
643.15,-0.01643276
630.95,0.008138488
633.84,-0.006189289
625.15,0.001213464
630.45,-0.003480653
630.05,0.004277441
628.75,-0.01106559
625.85,0.003885071
615.35,-0.001067807
616.25,0.001807296
622.95,0.011049706
620.44,-0.004580419
618.5,-0.01849477
621.01,-0.003935479
620.75,0.005796524
624.7,0.002250177
627.2,-0.004356542
634.9,0.002718094
636.7,-0.002037264
636.8,-0.006374575
640.5,-0.005911006
627.5,-0.002229962
622,-0.005341494
607.4,0.001470715
610,0.010128871
613.7,0.002724989
611.3,0.004029254
611.6,-0.002797653
627.2,0.001816565
626.7,-0.004194875
624.8,-0.004100657
631.8,0.002928805
627.7,-0.000768738
635.4,0.003216535
633.4,0.002764425
646.7,-0.002281886
648.8,4.87E-05
646.1,0.006178028
646,-0.001974797
643.7,-0.018077762
647.3,-0.005615829
653.2,-0.004074927
657.2,0.002674587
647.85,-0.006564337
648.45,-0.007462987
653.3,0.001982421
651.45,-0.002490644
660.45,-0.002856395
666.85,-0.00694704
661.1,0.001036092
664.25,-0.001845307
669.13,-0.005948569
669.75,-0.001253535
669.05,-0.000128863
670.75,0.008092097
657.25,-0.009197265
678.85,0.000699704
677.45,-0.007697465
682.55,-0.001319114
686.55,0.004241579
663.35,0.001200954
669.35,-0.000294399
664.45,-0.004277429
642.45,0.000328006
636.6,-0.002787894
646.5,-0.002931824
649,-0.009057791
651.8,0.0009037
650.27,-0.008809578
650.5,-0.006027999
643.8,-0.008360573
644.7,-0.006920067
646.6,-0.000209706
653.4,0.002903556
654.2,-0.009155604
658.8,-0.005988113
664.2,-0.000830531
664,0.003763444
657.4,-0.001702773
664.1,-0.004002777
664.41,-0.015588342
665.55,0.003577324
661.5,0.002556069
663.79,0.00033591
664,0.012852145
663.95,-0.004693137
674.35,0.004523965
674.45,0.005505405
675,-0.001666504
670.75,-0.009055639
677.9,-0.003898589
677.3,-0.000405043
676.1,0.000646404
685.52,0.007537554
690.2,-0.00963818
686.55,-0.001341861
690.05,-0.003880695
682.95,-0.002248297
691.95,-0.002220808
689.15,-0.009651001
683.65,-0.006359217
686.25,0.007449687
674.75,-0.003970686
681.55,3.61E-05
678.45,-0.005647
673.45,-0.000319797
673.15,-0.00182
682.35,-0.006613742
688.85,-0.005444073
688.75,0.005744542
685.65,-0.008218948
680.55,0.001364912
665.65,-0.00186951
670.85,-0.005152713
669.75,-0.005701551
672.05,-0.006460069
662.15,-0.003689107
657.65,-0.003479701
661.75,-0.006780499
663.25,-0.002234295
659.25,-0.00772654
661.85,-0.000159042
654.65,-0.010502298
656,-0.003843763
655.55,-0.003366317
656.85,0.002587064
653.45,0.006033906
660.5,-0.005784458
671.75,-0.001696948
671.15,-0.007482746
670.05,-0.002745819
670.75,0.007884647
659.15,-0.002137576
648.85,0.003278175
653.65,0.003528771
647.25,-0.009247085
651.75,-0.007447571
651.95,-0.003019916
655.35,-0.002696979
656.35,0.004532064
661.45,-0.004155553
654.55,-0.007341746
651.73,-0.00869258
654.3,-0.009308939
651,0.007496338
640.9,0.029900622
643.5,-0.003536347
648.95,-0.005690839
649.65,0.000174195
657.25,-0.0039004
653.2,0.004026718
654.2,-0.001402442
649.5,-0.005597792
655.9,-0.00292165
660.4,-0.008730065
663.3,0.007200099
660.65,-0.001890159
666.8,0.002665635
666.9,0.000383837
664.9,-0.000184209
664.9,0.006208891
673,-0.004192878
677.5,0.005698483
683.4,-0.003686267
681.6,-0.007661414
681,0.004004052
674.9,-0.001329171
662.9,0.001651002
661.2,0.002804226
665,-0.007783013
664.3,-0.002965754
666.9,-0.006346726
665.55,-0.005874784
673,-0.003949574
672.01,-0.003683272
672.4,-0.004296387
674.8,-0.000869448
662.1,-0.005774909
672.8,-0.001928033
669.5,0.012626839
669.2,-0.000489093
667.6,-0.013584199
652.01,0.007305756
657.8,-0.001605701
657.11,0.005042659
657.3,-0.001977408
660.8,0.001421617
660.38,-0.009495362
668.2,-0.000100968
667.6,0.01063147
662.5,-0.001730771
667.6,0.003493576
665.3,-0.010205437
673.4,-0.00577809
672.52,-0.001371391
681.65,-0.008163924
681.8,-4.76E-05
695.41,-0.001655723
701,-0.001104068
703.1,0.002109136
712.5,-0.00745396
711.6,0.000936563
708.3,-0.011736579
707.6,-0.002240444
717.9,-0.003732565
723.5,0.002287449
721.4,-0.001568264
733.26,0.009357919
731.5,-0.01644929
730.6,0.011478435
731.7,0.001253924
728.8,0.003150521
734.43,-0.00762095
743.6,-0.000231454
747.2,-0.000461197
731.6,0.002237584
727.9,-0.005437806
738,0.001401296
742.7,-0.00282558
733.3,-0.00042626
737.9,-0.00739611
741.1,0.003320372
747.88,-0.010765765
749.1,0.000766484
759.4,-0.004076443
760.5,-0.003251771
754.82,-0.00350198
768.2,-0.00370955
765.2,0.001728961
754.2,0.001317327
759.8,0.004957127
763.95,-0.014163469
769.3,-0.007275047
785.2,0.000317001
791.8,6.92E-06
782.1,-0.00044066
796.59,-0.005627871
787.3,-0.003801689
807,-0.007074046
806.5,0.002879472
825,0.000204475
831.09,-0.008344175
833.59,-0.00127033
832,0.00207179
793.5,0.011743412
802,-0.00778445
811.95,-0.002272087
788.45,0.002558373
786.3,-0.013717036
781.75,-0.008774362
803.2,0.002062625
800.32,-0.005943613
804.53,0.001549851
823.8,-0.000470001
824.6,0.007871535
812.59,-0.004443716
804.83,0.001695761
793.07,-0.009014874
783.75,-0.006539316
794.3,-0.001449594
801.7,-0.00130755
795.15,0.000395132
802.42,-0.003939677
794.8,-0.009392636
808.53,-0.009513922
796.98,-0.004762849
813.48,0.009300971
797.62,-0.00344516
794.49,0.000125903
793.35,0.004836757
802.88,0.006526046
802.19,-0.001593016
796.38,-0.003620839
811.72,0.000385152
811.8,-0.002514137
807,-0.00471486
824.5,-0.012485151
825.58,-0.00948359
840.5,0.001950945
833.92,-0.005438863
833.7,0.000206558
857.55,-0.006977278
864.93,-0.000673063
859.6,-0.009037387
858.16,0.000293486
878.16,0.000839122
878.8,-0.040526361
893.3,0.002224184
895.4,0.000375631
904.13,-0.006240932
888.1,0.004497536
877.03,-0.003645098
877.76,0.001797505
883.17,-0.001121521
865,-0.006072642
892.34,0.000186428
890.32,-0.000925504
912.85,-0.01883577
913.95,0.001541183
928.97,0.013354821
923.76,0.000168764
929.4,-0.002605733
925.99,0.001483644
905.48,-0.009434848
903.58,-0.01054849
888.17,-0.000120226
900.6,-0.003234675
910.51,-0.001195941
922.99,-0.006804362
923.5,0.000724847
906.39,0.000970952
906.6,-0.024815751
908.2,-0.003882677
902.5,0.003293748
905.2,-0.006496284
927.8,-0.005564021
944.1,0.002721391
946.1,-0.004993088
945.2,0.010445617
939.6,-0.003026488
948.15,-0.002851
957.84,-0.000170333
970.74,-0.001305687
974.17,-0.001126842
983.7,-0.003923084
964.01,0.004621888
989.8,-0.008820474
978.99,-0.006940915
973.2,-0.006997093
972.84,-0.022388241
973.3,0.004160344
982.93,0.001269749
994.83,0.007306877
1002.95,0.012261645
1002.7,0.005956121
982.24,-0.00293523
944.2,-0.000970384
910.2,-0.004143529
919.5,-0.007506773
915.3,0.002551501
938.78,-0.005516079
954.17,0.001253395
947.2,0.000617498
931.05,0.001113623
916.88,-0.004170063
882.7,-0.009887574
904.35,-0.003801098
902.9,0.001487468
913.79,-0.004515423
920,-0.00444605
914.9,-0.000409455
934,-0.003131895
928.99,-0.004218426
925.3,-0.00786677
924.45,0.003283087
927.91,-0.010672803
944.59,-0.005392909
938.8,-0.000503913
917.09,-0.003072017
916.74,-0.006078541
915.9,-0.014247577
904.25,-0.004085664
886.13,-0.004380789
886.3,0.000535022
893.26,-0.005028889
870.5,-0.004462285
877.55,-0.00867952
852.7,0.006319859
856.45,0.003511917
874.2,-0.002529949
876.4,-0.005558083
868.75,-0.007547545
881.85,-0.003909924
884.85,-0.001004066
882.68,-0.013520295
866.95,-0.003860005
864,-0.006265622
881.65,-0.005061987
902.4,-0.008089668
905.2,-0.002315688
919.25,-0.008567758
932.55,-0.002331982
921.85,0.001302592
925.1,-0.002134621
929.1,-0.001980595
906.45,-0.006663946
900.85,-0.005747656
877.9,0.003964133
886.5,-0.002002472
891.42,-0.001704737
880.55,-0.012862924
880.9,-0.006467119
877.2,-0.005523131
902.25,-0.001810732
892.9,0.00300814
867,-0.017517433
880.35,-0.011901164
868.2,-0.007366712
871.55,-0.006818501
882.4,-0.000174944
882.75,-0.001627653
894.35,0.000438817
898.47,-0.003171184
902.3,-0.00935392
883.8,-0.003213568
889.6,-0.00209749
886.38,-0.007228711
917.3,-0.00118064
927.8,-0.004639045
925.4,0.00108969
939.63,-0.009639613
945.15,-0.016450604
934.45,0.001667812
933.25,0.0031346
925.85,-0.002683804
919.63,0.001031858
928.57,0.007405055
947.66,-0.004898234
964.2,-0.00179826
972.6,0.019005754
977.5,-0.000261562
959.95,0.008558031
957.43,0.000705775
955,-0.003424496
965.55,0.003856117
946.4,-0.009848092
920.85,-0.008500348
928.05,6.70E-05
929.85,-0.006254212
930.63,1.11E-05
918.9,0.011592603
906.1,-0.013945374
914.07,0.001057992
910.95,0.001698166
894.8,-0.001528856
874.4,-0.005598292
879.8,-0.000380226
873.05,-0.000937459
856.6,-0.006902154
823.85,-0.004236937
812.32,0.003044093
826.8,-0.00621181
806.63,-9.44E-05
787.7,-0.00011703
800.07,-0.000582199
814.2,0.00383466
813.67,-0.002740281
837,-0.010431567
823.05,-0.000947735
821.95,-0.006470374
824.9,-0.012572199
826.9,0.005784186
834.05,0.010618007
831.15,0.001821079
817.7,-0.00513505
805.35,-0.008709548
801.3,0.011944325
796.45,-0.005975232
803.5,0.007917172
802.3,0.006164357
777.25,-0.002682931
752.45,0.001562276
746.47,0.013977576
765.5,0.006988334
786.65,-0.006195676
779.75,-0.007687697
863.85,-0.001163215
850.84,-0.003542363
873.55,-0.003195258
897,-2.25E-06
892.15,-0.020115361
882.63,0.005018743
877.9,-0.007702479
878.75,0.002241902
909.5,-0.003889752
870.95,0.004205719
870.8,0.008751987
836.4,-0.002466795
835.5,-0.005069656
859.75,0.006489942
887.1,0.002574724
907.62,-0.001631397
913.25,0.01861596
849.85,-0.003396755
833.05,-0.000124495
836.7,3.85E-05
846.9,-0.006536688
804.6,-0.009065965
783.35,0.002851117
796.9,0.006861254
771.65,-0.005868116
730.45,-0.005595847
721.45,-0.005452714
734.75,-0.012505359
730.8,0.001576781
746.95,0.001648894
754.95,-0.001292619
738.13,-0.002637778
724.55,0.004534834
723.45,-0.002128991
763.25,0.004561637
740.35,-0.010107151
732.85,-0.003178398
736.65,-0.003824261
746.2,0.001003485
731.7,0.007769932
712.3,-0.01868321
736.5,-0.003970095
742.1,-0.003471045
737.92,-0.006486209
738.15,-0.00130794
734.55,0.003477373
745.06,-0.004360214
800.4,-0.006728137
821.65,-0.005500974
821.05,0.000184016
812.9,0.004545782
815.83,-0.005126392
818.05,0.000638238
768.95,-0.001252672
782.35,0.007841544
773.95,-0.000897951
767,-0.004718656
756.45,-0.000728986
772.7,-0.005231509
776.95,0.003751243
810.6,-0.006006562
821.35,0.00158132
822.35,-0.019024624
838.45,-0.006367485
858.1,-0.028510008
867.9,0.001881843
852.91,-0.000265673
838.28,-0.004719817
848.05,-0.006478162
840.2,-0.001390769
848,-0.007412783
846.99,-0.012588616
869.3,0.00363054
880.3,-0.0031615
873.7,0.001153793
882.05,-0.000644096
879.45,-0.005763804
875.4,0.015873557
859.5,0.002499108
863.9,6.54E-05
842.95,-0.002264552
857.4,0.013808217
854.2,-0.00221852
820.85,-0.008598558
822,-0.000209016
811.7,-0.001115616
817.8,-0.003961474
843.15,-0.002690816
835.9,-0.018666005
857.25,0.001112203
854.25,-0.015084899
857,-0.003223718
899.75,-0.000529582
903.35,-0.009454561
899.22,-0.004019853
887.55,-0.002681775
908.65,0.002626253
927.85,0.00860093
905.49,-0.00593349
900.35,0.004871164
905.75,0.001426779
914.55,0.000758395
911.5,-0.001597161
894.55,-0.007128837
915.1,-0.005158257
938.99,-0.001839221
946.75,-0.000548386
941.7,-0.002369048
941.75,-0.005099008
970.25,0.001789195
984.9,0.000692737
974.65,-0.01087252
992.9,0.001811744
991.75,-0.000716257
962.67,-0.010593885
953.83,0.001563834
946.2,-0.004733129
942.35,-0.000872989
926.1,-0.005928071
916.28,0.002113797
906.5,-0.006348482
932.4,0.005841929
939.35,0.00577352
921.97,0.002446199
898.15,-0.006402556
909.4,-0.006622872
926.63,0.006442543
929.75,-0.003769673
923.15,0.006682296
915.4,-0.003569484
942,-0.006503506
959.85,-9.51E-05
952.2,-0.013857563
939.5,-0.002895105
925.87,0.003950594
934.02,-0.002960119
934.1,0.001857552
923.15,-0.019529516
915.84,0.000819042
919.15,0.001145495
927.4,-0.011060005
904.05,-0.028311327
893.15,0.007559061
868.9,0.002565466
881.24,-0.00330346
880.5,-0.007808807
879.35,-0.001170367
881.65,-0.003313538
893.85,-0.000977679
890.72,-0.003722431
891.05,-0.015097447
875.7,-0.008640456
868.8,-0.00453062
884.5,-0.000669202
883.8,-0.010077355
889.75,0.000424968
904.3,-0.001602097
913.2,0.006437956
906.5,-0.001204577
893.38,-0.004966689
898,-0.002806033
888.2,0.003297897
886.55,0.0008955
902.1,0.000538982
897.15,0.006271256
911.22,-0.003279973
910.7,0.005845741
916.65,0.003660757
913.33,-0.006425725
923.35,-0.005645319
926.3,-0.008207898
926.5,0.000492439
931.8,0.002218695
918.25,-0.002291301
925.05,0.001040839
938.65,0.000467678
953.8,-0.001767084
957.35,-0.013286211
958.8,-0.009770609
952,-0.001046991
949.9,-0.004082295
959.45,-0.007753988
979.15,-0.008721116
975.27,0.00148665
981.85,0.005778062
963.07,-0.01344016
980.25,-0.002869498
955.25,-0.008540876
951.82,0.00131497
954.78,-0.000677
954.49,-0.007170638
953.95,0.00347166
939.3,0.003855045
928.3,-0.002777826
934.8,0.004417975
938.87,-0.015163817
933.06,-0.009396097
934.05,-0.006762113
922.7,0.008254683
925.83,-0.005951967
931.4,0.023735731
939.25,-0.004626788
939.6,-0.002011535
937.95,-0.007132632
926.6,-0.007275437
940.8,-0.005179416
929.8,-0.000168137
932.25,0.001252459
924.95,-0.002307199
924.68,-0.000993101
909.5,-0.007071907
912.35,-0.006106502
913.05,-0.005641024
920.3,-0.001564169
925.7,0.001169171
939.2,-0.006963269
937.34,-0.011408281
937.5,0.002750053
948.7,0.007902509
948.5,-0.007448048
951.4,-0.000987985
949.15,-0.013333264
951.35,-0.006297747
953.84,-0.009426435
937.5,0.005005302
930,0.002977153
934.4,-0.002526364
954,-0.003529256
956.8,0.002411806
966.95,0.003632467
963.45,-0.006390912
963.25,0.003249285
954.95,-0.008089707
946.3,0.005183731
946.1,-0.001849973
947.1,-0.008968169
954.95,-0.014205528
948.55,0.00151965
934.55,-0.005283339
938.6,-0.001674154
942.05,0.000921912
940.65,-0.021461915
953.85,-0.003352134
941.55,-0.001197887
944.75,-0.000273741
945.55,-0.00265786
948.15,-0.005365913
955,-0.000506748
951.25,0.003310027
956.35,-0.005555471
978.5,-0.005086197
991.85,-0.003761796
994.4,-0.005590898
995.25,-0.001908948
995.4,-0.012251956
992.3,-0.002582563
996.6,-0.000918478
1005.2,-0.009098794
1000.2,0.008617479
1007.55,-0.003793632
1017.3,-0.001464735
1013.6,-0.009693174
1007.6,0.001863268
1003.7,-0.00267648
1014.4,-0.001066697
1008.4,0.003059941
994.1,-0.011141583
991,-0.001351975
991.05,-0.010913688
992.4,0.00118198
1007.7,-0.009527333
999.2,0.001838551
1002.8,-0.003930306
1017.3,-0.003946074
1042.1,-0.003066163
1044.2,0.005783095
1055.1,-0.002764465
1049.25,-0.003307907
1057.1,-0.004244888
1064.3,0.001844551
1062.4,-0.002254544
1050.2,-0.00800005
1053.6,-0.008729056
1064.2,0.011588848
1055.2,-0.006988191
1059,0.004929853
1060.1,-2.32E-05
1055.4,0.012679169
1038.5,-0.02020281
1040.05,-0.007648224
1028.1,-0.001717047
1047,-0.003725606
1045.4,-0.005068343
1059.5,-0.002212766
1084.4,-4.92E-05
1092.2,-0.000192843
1090.3,-0.000251127
1095.1,0.001665966
1103.8,-0.005041526
1105.8,0.00348533
1117.4,0.002662858
1103.8,0.003962937
1118.7,-0.002929374
1139.2,-0.004229409
1141.3,-0.00579058
1145.5,-0.005316173
1144.6,-0.005266002
1150.6,8.23E-05
1166.1,-0.006878522
1169.4,0.003185376
1191.8,0.010476208
1188.38,-0.003646731
1177.63,-0.001555238
1179.6,-0.003234687
1196.6,-0.013096401
1215.7,0.004193855
1207.6,-0.011106877
1161.4,-0.001231359
1158.1,0.007149963
1128.4,0.003139151
1128.6,0.001629993
1131,-0.002348599
1115.4,-0.002474402
1126.7,0.001772799
1125.2,0.00756183
1137.9,-0.010789924
1098.9,0.003450019
1113.2,-0.006087241
1093.4,0.008489249
1084,-0.00083166
1087.55,0.000653565
1105.4,-0.001323081
1105.45,0.021746838
1107.3,5.91E-05
1096.83,-0.003128128
1092.9,0.004674555
1096.95,0.001602292
1097.32,0.000615748
1121.2,0.00083741
1118,-0.001841789
1138.4,-0.011389657
1131.6,-0.005583076
1138.25,0.004420304
1151.85,0.002501108
1128.5,-0.000454854
1138.2,0.006703034
1142.85,0.003500001
1130.93,0.000723599
1133.6,0.00349227
1138.2,0.00116717
1111.05,-0.005172545
1093.95,-0.002079129
1093.2,0.003966174
1098.4,0.001545215
1097.55,0.004997254
1087.9,0.009980233
1087.1,0.002552527
1080.85,-0.001142928
1105.5,0.00202194
1114.45,-0.006173879
1109.8,-0.015698091
1063.7,0.001740734
1066.3,0.003606641
1062.85,0.005994843
1078.09,-0.00710216
1072.1,-0.005600483
1095.4,-0.000487586
1093.38,-0.004006031
1101.1,0.005161519
1119.45,-0.001626001
1106.81,-0.004763421
1108.7,-0.003979423
1119.2,-0.003669283
1114.25,-0.002350326
1103.4,-0.006406883
1097.75,-0.004471265
1106.35,-0.004141336
1117.6,0.011518126
1118.99,-0.003042967
1134.7,0.000750135
1139.9,-0.002713885
1132.2,0.0115678
1134.65,0.00345665
1123.55,0.012606174
1121.85,0.007347983
1108.41,-0.011687497
1109.5,-0.0003668
1101.9,0.011034975
1108.45,-0.004516127
1127.7,-0.004375478
1120.35,-0.002063999
1127.35,-0.002784424
1107,-0.004832676
1102.25,0.002540633
1105.15,-0.005447749
1086.65,-0.005313926
1090.5,0.002609868
1107.5,-0.004909031
1109.72,-0.000532843
1103.6,0.001201708
1113.25,-0.003717126
1126.8,-0.004588944
1119.8,-0.004980652
1131.9,0.003191344
1134.3,-0.003441398
1149.35,0.000413225
1150.55,-0.00015167
1162,-0.00248014
1156.2,-0.000574414
1150.65,-0.011268951
1155.35,-0.00240241
1159.25,-0.000199614
1137.4,-0.007363552
1135.75,-0.00475208
1140.75,-0.005886209
1146.75,-0.005790248
1141.5,-0.007840353
1157.6,-0.001565227
1153.5,-0.003940084
1167.85,-0.006755342
1165.7,0.006641396
1166.85,-0.00776182
1179.2,-0.006393492
1182.18,-0.00528155
1171.28,-0.00695179
1175.28,-0.001751578
1208.57,0.001476546
1208.4,-0.003175259
1203.1,0.002416769
1232.88,0.009515879
1238.93,-0.001186721
1232.7,0.003194626
1233.18,-0.0038927
1222.45,0.001314138
1225.15,-0.010103565
1193.75,-0.003825956
1182.35,-0.001854457
1177.1,-0.004324898
1191.65,-0.002439964
1204.25,-0.00681255
1211.8,-0.006637355
1212.65,0.007531429
1214.38,0.001654954
1216.2,-0.005323536
1225.65,-0.004220783
1223.45,-0.004080363
1206.65,0.002049357
1219.9,-0.000403034
1240.25,-0.006367495
1236.55,-0.002882896
1233.5,-0.005184789
1216.55,0.004258606
1226.7,-0.001558473
1221.25,-0.023565649
1234.15,-0.000124874
1229,-0.00299199
1245.15,-0.009610613
1256.8,-0.003987942
1233.7,-0.001255622
1240.05,0.000884936
1237.35,-0.004423483
1243.45,-0.003627499
1255.6,-0.005347588
1238.95,-0.008656598
1240.65,-0.004522867
1242.25,-0.003443534
1198.95,0.000384107
1211.6,-0.00113742
1209.27,-0.003094189
1192.63,0.002012691
1202.75,-0.007564217
1198.1,-0.002145902
1211.6,-0.007046276
1196.85,0.002953229
1212.35,-0.000458445
1208.3,-0.000864035
1208.25,0.000120424
1193,-0.002171445
1182.95,-0.005209951
1192.05,-0.003193025
1185.05,-0.01755083
1194.95,-0.000726547
1189.2,-0.000277348
1183.55,-0.014961224
1161.6,-0.001430265
1163.6,-0.001040177
1168.25,-0.000287285
1181,-0.001426659
1182.85,0.005439169
1186.15,0.00017414
1194.95,-5.27E-05
1194.95,0.002168072
1205.4,0.002682478
1201.35,-0.005593758
1204.25,-0.005029542
1198.1,0.002744
1213.85,0.000393547
1215.5,0.005088736
1225.15,0.003367131
1224.85,-0.006705779
1229.45,-0.006931314
1232.15,0.00759065
1227.8,-0.004075239
1226.15,0.002648199
1230.65,-0.007871823
1240.05,-0.003201352
1237.6,-0.00459804
1238.1,0.005270876
1236.97,0.003398825
1247.45,-0.001999495
1244.3,-0.003362904
1250.95,-0.012719377
1246.75,-0.018279054
1250.05,-0.01100628
1255.55,0.000689392
1254.95,-0.008095154
1243.65,0.004582072
1246.25,0.006239479
1245.6,-0.006137491
1268.15,-0.002442006
1268.05,0.003945091
1275.25,-0.01071831
1274.3,-0.003823074
1278.35,-0.013160097
1287.15,0.006679978
1291.35,0.006708807
1292.45,0.004208738
1295.95,0.004199074
1294.35,-0.002399591
1309.05,0.00127256
1309.85,-0.000269047
1308.35,0.000599264
1319.1,-0.000154335
1315.25,-0.007683935
1340.65,-0.000537516
1349.05,-0.008946613
1333.55,-0.012279845
1346.74,-0.004279301
1354.05,-0.00720609
1350.35,-0.005478916
1372.15,0.001747407
1381.15,-0.000807633
1368.4,-0.005215559
1368.45,-0.002798039
1332.05,-0.007240924
1346.25,0.001923263
1325.68,-0.005815661
1328.45,-4.75E-05
1339.85,0.003867149
1340.45,0.012136674
1325.35,-0.002243203
1344.05,-0.004761032
1359.4,0.005318255
1353.85,-0.003010428
1357.45,0.00317331
1348.55,-0.001760509
1392.5,-0.00507606
1393.65,-0.005561757
1409.55,0.00190271
1392.9,-0.003101424
1403.9,0.00439081
1408.65,-0.00288621
1368.75,-0.00871921
1360.6,-0.004759907
1339.7,-0.004619279
1336,-0.0012647
1353.07,0.002241172
1352.93,-0.010650488
1363.5,0.001252506
1376.9,-0.004833027
1375,0.002494371
1375.9,0.007626361
1365.2,0.0019814
1366.9,0.006271681
1386.02,0.00503757
1387.9,-0.011007885
1386.7,0.001116664
1414.07,0.000592742
1423.75,0.001935066
1402.05,0.005765574
1382.07,-0.005250658
1387.1,-0.001122252
1386,0.001255707
1394.18,-0.00087856
1396.25,-0.001068521
1380.82,0.028722934
1370.28,-0.005278416
1375.45,0.00561364
1385.25,-0.001175947
1385.6,0.003990881
1385.35,-0.009044143
1380.1,-0.010338664
1381.47,0.002344133
1383.75,-0.002082693
1405.9,0.006751726
1411.75,-0.003898013
1404.68,-0.000301422
1420.78,-0.000959335
1414.8,0.00017932
1380.72,0.005302815
1378.32,0.002349138
1371.6,-0.009397776
1369.57,0.002555715
1375.68,0.004397624
1381.53,-0.001082289
1387.85,-0.000598117
1373.78,-0.002318531
1361.72,-0.000243034
1362.65,-0.000662432
1368.25,0.008447984
1369.93,0.004151376
1346.28,-0.0099688
1342.68,-0.001783209
1334.35,-0.006956511
1332.32,0.000835776
1345.85,-0.017356058
1313.93,0.008258055
1336.75,0.006338509
1332.8,0.00564684
1338.1,0.005783444
1335.32,-0.011222875
1354.35,0.006033163
1348.85,0.002580673
1351.3,0.002733341
1364.03,-0.001144685
1363.65,-0.005894002
1363.8,-0.006176372
1357.05,0.000536592
1361.85,0.003574738
1373.8,0.005414918
1374.43,-0.000325391
1384.1,-0.002705803
1389.53,0.019075275
1406.45,-0.024836839
1399.13,-0.006022698
1411.7,-0.002186032
1402.88,-0.005971535
1410.6,-0.010369388
1411.48,-0.013912523
1433.28,-0.005520568
1434.5,-0.011954045
1416,0.006331295
1430.9,-0.007678612
1432.05,0.000350571
1428.95,-0.003505956
1430.97,0.001792702
1411.8,0.002025017
1417.45,0.007140535
1426.4,0.002488323
1395.7,-0.003806006
1398.88,0.014860216
1403.72,-0.022201416
1418.9,-0.003832374
1427.68,0.001452853
1427.65,-0.002997376
1437.4,-0.00132475
1430.65,-0.004923206
1429.74,-0.001914848
1420.4,0.003594452
1418.5,0.003178339
1423.02,-0.006333156
1432.3,0.006618204
1428.8,-0.006131178
1433.95,-0.006132425
1455.73,-0.004118971
1459.7,-0.001587126
1458.07,-0.002691618
1474.93,-0.005251013
1463.15,-0.002207125
1453.1,-0.00306329
1457.3,-0.001229655
1474.18,-0.009722254
1486.7,-0.000598453
1495.3,-0.002526742
1496.32,-0.005383678
1502.55,-0.002595368
1506.25,-0.008768337
1506.85,-0.001910499
1507.23,-0.010736603
1506.3,-0.000919009
1527.35,-0.004309745
1536.2,0.000592532
1563.7,-0.003106562
1545.35,0.018655547
1535.97,-0.007048619
1516.32,-0.005777055
1474.3,-0.002050697
1495.6,0.002255255
1513.75,-0.014112284
1516.28,0.00129668
1501.2,0.000185356
1505.9,-0.003252056
1495.02,-0.001965164
1489.3,-0.002361611
1486.8,0.009375524
1497.15,-0.001080044
1493.35,0.006953181
1512.3,0.003990163
1517.03,-0.004722181
1526.63,-0.002242079
1525.32,0.004098942
1519.15,-0.002758577
1536.4,-0.003649656
1537.15,0.006667322
1535.8,-0.004743798
1539.8,-0.003214278
1533.57,-0.003726912
1541.95,0.000609082
1544.65,-0.010355219
1544.15,-0.006668463
1537.65,-0.003148442
1544.1,-0.008447437
1531.65,-0.009704686
1516.1,-0.000280003
1523.78,0.007902835
1530.88,0.002178148
1529.8,0.000187977
1539.45,0.000246933
1540.7,0.003414531
1546.3,-6.33E-07
1548.95,0.002676816
1521.4,-0.000453977
1502.65,0.005064298
1498.05,0.003140729
1501.4,0.010282496
1512.3,0.001813338
1500.35,-0.00250517
1487.78,0.010881712
1497.07,-0.00305871
1515.65,-0.004544771
1528.9,-0.004682949
1532.38,-0.00049208
1544.15,-0.009952852
1553.47,0.005968955
1567.7,-0.002839893
1582.38,-0.00828017
1587.3,0.002982958
1593.55,0.000383731
1604.85,-0.001505708
1588.45,-0.002165857
1600.5,-0.009989894
1590.7,0.016537032
1601.27,-0.003497743
1614.15,-0.004860832
1619.3,-0.006406456
1613.65,0.000262426
1615.95,0.001113735
1627.88,-0.000583467
1619,-0.006917038
1661.18,-0.013256979
1661.75,-0.006958568
1646.53,0.001806539
1663.8,0.000892037
1719.53,-0.005185104
1740.4,-0.002404569
1793.05,0.000248681
1764.1,-0.004569551
1746.9,-0.003206205
1765.85,-0.010365566
1785.7,0.003195929
1791.25,0.00136649
1823.8,0.000187086
1852.1,-0.001326848
1897.6,-0.004314533
1828.35,-0.004200467
1759.32,-0.005509488
1774.15,-0.006198178
1827.95,0.002204432
1788.43,0.001904202
1835.43,-0.003270051
1825.72,0.001549428
1826.15,-0.018803415
1882.88,0.000415398
1900.23,0.000305897
1875.4,-0.002982015
1817.47,-0.004159161
1870.18,4.91E-05
1855.7,0.014024257
1815.3,0.003478166
1833.6,0.003568067
1819.63,0.006635256
1788.57,-0.004253878
1811.88,-0.004724214
1778.68,0.004109491
1803.63,-0.011820243
1782.35,0.008095404
1740.13,0.009667367
1656.8,0.003342952
1626.35,-0.010327356
1650.13,-0.000891081
1608.8,-0.003687287
1614.4,0.010125107
1623.97,-0.003609294
1658.32,-0.004318711
1623.95,0.012595434
1641.05,-0.007598592
1651.43,-0.001143674
1637.85,-0.002883749
1676.55,0.0029232
1662.4,-0.003295844
1676.03,0.014399482
1668.14,-0.000286254
1680.73,0.001188402
1670.85,-0.008050546
1657.85,-0.004980112
1640.75,-0.01240328
1620.8,-0.003189423
1642.38,-0.001572492
1653.48,-0.010825112
1705.53,0.015722266
1724.82,-0.01444785
1744.85,-0.003606209
1743.75,0.008905669
1714.85,-0.009681462
1719.9,0.003934851
1738.6,-0.002155594
1763.82,-0.005025961
1754.65,-0.009146441
1795.1,-0.005501604
1786.3,0.001189806
1769.95,0.000127553
1758.4,0.001987791
1788.68,0.000405242
1780.43,-0.004488343
1780.82,-0.001010627
1763.38,0.004137784
1721.78,-0.002970682
1723.95,-0.003736075
1677.32,-0.003370578
1699.82,-0.007439234
1692.27,-0.00597472
1694.32,-0.002325019
1683.53,-0.003489338
1712.35,-0.001166004
1715.72,-0.002910148
1746.38,0.008588297
1744.82,0.003342204
1746.75,-0.002414233
1723,-0.011085416
1728.2,0.006481068
1741.8,-0.008788862
1708.38,0.000462015
1711.6,-0.006885601
1666.57,0.000665188
1631.57,0.004216277
1574.05,-0.005814342
1570.52,-0.001098481
1598.95,-0.003462136
1594.27,0.007093132
1615.9,0.000520212
1615.23,-0.002620856
1605.55,-0.001681947
1606.35,-0.006249168
1606.95,-0.007688974
1593.22,-0.007745257
1555.43,0.002334626
1545.97,-0.00067781
1563.7,0.000835125
1566.27,-0.005568668
1603.5,0.005457071
1611.6,-0.002891369
1622.72,0.016944209
1617.95,-0.011386786
1611.57,-0.007449385
1632.35,-0.000965027
1641.97,0.004845633
1650.25,-0.017668929
1639,-0.003084193
1643.8,-0.002339754
1652.05,-0.015943445
1659.95,-0.009069145
1658.35,-0.00370977
1666.65,-0.003116367
1677.18,-0.012058197
1665.68,-0.005993387
1710.57,-0.00052704
1720.65,-0.004011488
1739.07,-0.006014285
1730.07,-0.005216834
1737.6,0.00038196
1743.4,-0.005379992
1759.48,-0.019091234
1726.25,-0.001760973
1720.35,-0.0015122
1745.48,-0.004761031
1733.2,-0.002487632
1729.4,-0.002101832
1722,0.003288616
1722.27,0.00026698
1720.18,-0.002226128
1728.15,0.005293019
1728.07,0.003618254
1723.38,-0.006792498
1734.95,-0.004404983
1759.13,-0.002680347
1776.22,0.018838452
1780.68,-0.007265363
1772.45,-0.000198786
1767.68,-0.005545269
1784.23,-0.004548434
1696.85,0.004632006
1718.28,-0.006902384
1712.6,-0.006797995
1706.5,-0.006142409
1674.32,-0.005256563
1684.98,-0.010123112
1699.77,-0.000824197
1713.65,0.002547063
1701.32,-0.001286471
1674.1,0.000213592
1644.88,-0.001491679
1658.43,-0.006492354
1660,-0.003975413
1664.52,-0.004205338
1650.77,-0.004280382
1650.43,0.008887317
1645.9,0.002839699
1661.9,0.002794123
1690.07,-0.004248495
1680.77,0.001847587
1663.68,-0.002756148
1661.57,-0.00215776
1668.35,-0.011250571
1677.68,-0.005709153
1646.13,-0.003453527
1620.77,-0.008898973
1631.23,-0.0012757
1636.43,0.002900951
1640.2,-0.005799885
1659.93,-0.004358551
1659.13,0.003152075
1675.77,-0.001057639
1658.15,-0.003049022
1651.88,-0.000296689
1649.57,-0.001604443
1642.1,-0.012366396
1642.93,0.004038078
1642.93,-0.00658102
1638.82,-0.015289758
1642.27,0.000734366
1643.63,-0.002438095
1657.43,0.000429788
1662.75,-0.005398782
1664.75,-0.002369794
1662.43,-0.002097379
1653.5,-0.002685609
1635.98,0.002888312
1642.22,0.014241096
1638.55,-0.002171732
1605.47,0.001872617
1589.57,0.008800063
1594.02,-0.001185841
1579.4,0.002647174
1556.72,0.000669342
1544.21,0.005785771
1539.57,0.010259236
1574.27,0.000478444
1592.99,-0.009567758
1593.07,-0.006147087
1568.5,-0.013789663
1561.45,-0.001835855
1559.25,0.001888572
1573.03,0.005301871
1580.94,-0.00319495
1555.15,-0.003993411
1563.38,-0.006688504
1560.43,0.000606701
1624.1,-0.008461906
1618.85,-0.003147333
1617.05,0.004038259
1619.3,0.007045164
1589.4,-0.001470808
1593.45,-0.003555503
1596.77,-0.004181252
1609.8,-0.008204103
1617.05,-0.020710384
1623.73,-0.001057395
1627.1,-0.003608704
1628.07,-0.007606999
1618.52,0.006450879
1607.48,-0.004174728
1566.28,-0.000102522
1572.45,0.002055613
1584.48,0.005256483
1572.93,-0.004395793
1574.2,-0.007805569
1552.63,0.003815946
1597.4,0.008467675
1597.1,-0.00415974
1617.35,-0.000646759
1615.63,-0.002459498
1604.68,-0.000312854
1583.75,0.001482424
1587.68,-0.001233703
1567.28,-0.001365672
1576.4,-0.000264151
1571.95,-0.00104999
1589.68,0.003207976
1589.38,-0.010754783
1583.4,-0.02337442
1573.52,-0.022939139
1581.43,0.000717952
1584.5,-0.006695633
1576.95,-0.001468555
1580.95,-0.001890719
1604.45,0.000523884
1615.77,-0.018246061
1622.9,-0.004315865
1621.97,-0.00341748
1614.3,-0.001346743
1599.48,-0.000354726
1588.63,-0.003811565
1603.48,0.002608462
1610.5,-0.005566723
1612.2,-0.005762579
1612.13,-0.004180243
1617.25,0.007554343
1620.2,0.003853653
1609.75,0.00295833
1599.05,-0.005005131
1603.1,-0.003141436
1615.1,0.008063407
1616.05,-0.006399291
1620.5,-0.004894229
1637.8,-0.006161204
1654.65,-0.00277905
1670.6,-0.002946631
1670.55,0.002812474
1664.1,-0.004760663
1666.9,0.004903048
1656.5,0.013462172
1655.6,-0.010222501
1692.01,0.003223693
1692.5,0.001337276
1695.75,-0.010220604
1693,0.003090476
1700.28,0.00095361
1735.65,-0.003075743
1726.25,0.00565983
1732.2,-0.009083282
1730.8,0.002055934
1767.04,-0.007454035
1770.4,-0.003024137
1761.45,-0.004942652
1772,0.003627877
1770.4,-0.009115583
1768.6,-0.000505185
1773.1,-0.005093351
1764.45,-0.002133119
1760.65,0.002796237
1752.75,0.001364254
1777.25,-0.014679566
1772.1,-0.000118762
1775.3,-0.005470705
1774.7,-0.000633798
1778,-0.002018537
1790.4,-0.008384897
1780.6,-0.004833593
1774.95,-0.002745452
1764.3,0.002958842
1762.35,0.001984933
1767.35,-0.004825835
1754.48,-0.00655049
1737.55,-0.009276489
1747.6,-0.00790241
1750.15,-0.00028608
1741.3,-0.003601091
1721.75,0.000529715
1728.5,-0.004492508
1707.65,-0.013457906
1701.95,-0.003552702
1712.1,-0.007432915
1711.3,-0.012472569
1709.35,0.000451617
1709.6,-0.005211403
1720.65,-0.003353454
1714.25,-0.004895823
1678.1,-0.006333793
1685,0.001559029
1716,0.003651905
1717.75,-0.002954559
1731.45,-0.00593484
1731.18,-0.003518191
1728.2,-0.00126306
1725,-0.002911882
1726.35,-0.004833997
1715.8,-0.003146487
1713.75,0.003606528
1731.7,-0.003370044
1727.3,-0.006316542
1728.7,0.002600864
1729.55,0.007631273
1753,-0.006701444
1748.65,-0.000356035
1742.15,0.002709907
1719.75,-0.001853035
1725.7,0.001028761
1714.8,-0.002293625
1716,-0.008945084
1697.55,0.00402237
1693.95,-0.004609458
1699.9,-0.00479479
1704.05,0.007665172
1712.95,-0.000904482
1710.3,-0.00277417
1711.65,-5.89E-06
1696.95,0.01215471
1696.1,7.56E-05
1698.15,-0.003795377
1671.1,0.003439292
1667.25,0.005022883
1647.7,0.005581616
1657.25,-0.00076329
1657.48,-0.011384913
1658.9,0.003292692
1659.75,-0.001446261
1664.26,-0.001465308
1655.85,0.0030437
1675.35,-0.009694911
1665.16,-0.004244661
1686.9,-0.000864851
1663.95,0.018334513
1655.65,0.002231789
1646.95,-0.013253482
1659.25,4.86E-05
1657.75,-0.00825277
1675.45,-0.000727664
1662.8,-0.001566895
1667.85,-0.004298915
1679.45,0.006901133
1679.95,-0.003671021
1687.55,0.002907714
1684.3,-0.000361001
1690.05,-0.005276485
1692.7,-0.00538309
1685.85,0.006423344
1667.95,-0.004713458
1658.7,-0.008762776
1655.5,0.008373111
1663.8,0.004632457
1677.05,0.003706867
1663.65,0.001727158
1667.45,-0.003092445
1673.7,0.006283708
1672.95,0.025127086
1677.7,0.005898333
1671.65,-0.005206246
1667.2,-0.001065468
1647.95,0.005423021
1651.15,-0.000868599
1642.55,-0.006460351
1634.75,-0.000313924
1610.1,0.002616028
1610.05,-0.002742958
1605.05,-0.008571998
1564.55,-0.000424147
1576.4,0.000434267
1581.4,-0.000348756
1593.5,-0.006468169
1613.85,-0.005551682
1597.4,0.001265523
1579.58,0.002910598
1576.23,-0.004108004
1573.77,-0.003201986
1575.5,0.000139794
1583.9,0.001394111
1578.97,-0.005958842
1578.8,0.001468644
1581.55,-0.004196176
1592.8,-0.007845355
1587.7,0.001624776
1590.2,0.003790576
1591.95,0.004130675
1605.63,-0.005921999
1612.75,-0.004946235
1606.83,-0.002076648
1614.88,0.009794178
1608.58,0.008343721
1605.08,-0.004712386
1600.04,0.001383141
1605.25,0.005193127
1596.82,0.004554812
1598.75,0.003503636
1599.52,-0.001982821
1575.9,0.007377425
1557.95,-0.000247401
1554.59,-0.001740608
1581.15,-0.002460804
1573.64,-0.005303987
1585.34,0.000861844
1558.54,-0.00798711
1561.45,-0.002271971
1483,-0.007963394
1347.95,-0.000821818
1367.89,0.006276001
1376.5,0.012366557
1390.59,0.011717132
1390.59,0.007425381
1426.45,0.000591958
1413,-0.007737305
1431.95,-0.003969755
1467.88,-0.003672903
1462.09,0.001536804
1475.93,0.004878216
1476.75,-0.004437758
1457.58,-0.004498003
1467.08,-0.006664388
1470.75,-0.009239322
1469.4,-0.007009119
1452.73,-0.002114714
1474.07,-0.005652117
1458.25,7.66E-05
1448.2,-0.011198953
1430.58,0.010018988
1425.4,0.002170563
1393.03,-0.003586058
1386,0.000774403
1359.55,0.001936603
1393.8,-0.013745338
1376.37,0.002601538
1370.4,-0.003307438
1391.1,0.000912781
1386.65,-0.003085025
1394.78,-0.002683547
1381.23,-0.001536085
1393.1,-0.001568103
1414.15,-0.000809296
1387.92,0.001008469
1411.4,0.006154481
1399.43,-0.000737367
1403.4,0.004008636
1413.91,-0.00069834
1383.05,-0.0036343
1386.5,0.012481866
1378.37,-0.006914502
1388.9,-0.009124313
1386.02,0.000615561
1390.74,0.001445591
1385.35,-0.000423149
1367.65,0.000295786
1351.26,0.001786984
1285.05,0.011371346
1296.4,-0.006707897
1282.38,0.007827674
1277.65,-0.004450168
1226.65,0.001694616
1200.65,-0.003719105
1234.57,0.004021875
1252.55,-0.004951981
1243.49,0.00269155
1252.83,-0.005022702
1249.9,0.001523722
1223.2,0.008715154
1237.07,-0.002595204
1251.44,-0.003167647
1259.78,-0.001846731
1286.2,-0.006275457
1285.7,-0.003189695
1284.57,-0.004788655
1292.22,0.005477944
1276.11,0.005691862
1284.24,-0.014932171
1296.1,-0.002852712
1335.88,0.000373541
1345.2,-0.002337559
1322.25,0.00254706
1333.9,0.000489164
1333.3,0.003029285
1328.02,-0.034621811
1326.3,-0.005484412
1325.25,-2.85E-05
1310.11,0.002177293
1311.75,-0.006552425
1303.07,0.001231999
1283.17,-0.008161181
1287.65,0.005386552
1313.4,-0.007437497
1314.4,-0.013479744
1338.3,0.004560728
1321.67,-0.000529983
1336.15,0.0093497
1366.31,-0.002657529
1376.87,-0.002985488
1365.98,-0.005605287
1371.17,0.001621677
1366.76,0.005943866
1376.17,-0.006067868
1397.75,-0.002475915
1404.7,0.006165468
1415.09,-0.005254225
1417.51,-0.000142979
1407.75,0.001050682
1395.15,-0.009163557
1391.32,0.002694553
1412.42,-0.000915477
1391.63,0.003907994
1367.5,0.002387419
1391.9,-0.005144777
1387.03,-0.016528814
1363.85,-0.003846717
1365.47,-0.000994888
1321.67,-0.009564603
1326.39,-0.00217669
1312.98,-0.002547242
1310.64,-0.00403604
1364.02,-0.009444648
1366.35,-0.006345918
1326.05,-0.007143123
1322.74,-0.00429998
1323.35,-0.00109043
1334.48,0.000257557
1324.09,-0.015045121
1336.65,0.003862453
1328.94,0.006550718
1287.65,0.004620454
1316.19,-0.006298465
1316.77,0.004328457
1310.8,-0.000683103
1323.23,0.00325185
1319.32,-0.003319436
1305.8,-0.001144519
1287.6,0.009106619
1272.18,-0.005228642
1272.39,0.001286275
1282.38,0.000473781
1282.48,-0.008686459
1320.34,0.000174229
1316.25,0.007712394
1316,-0.004842191
1340.15,-0.004052331
1333.42,-0.002179886
1346.78,-2.46E-05
1350.8,-0.0156274
1352.65,-0.005839787
1345.05,0.006020855
1344.57,-0.00137083
1323.1,0.008276268
1316.2,0.002227756
1314.35,-0.009769962
1311.81,-0.001529661
1317.93,-0.008273753
1307.65,-0.000926188
1288.6,-0.000907404
1282.8,0.000384351
1268,-0.004548067
1281.82,0.005538413
1287.2,-0.001750246
1290.2,-0.006727554
1275.4,-0.01249838
1275.65,0.00241078
1244.25,-0.005876857
1243.08,-0.006073112
1243.63,-0.005635933
1251.3,-0.004052387
1242.79,-0.003708851
1237.97,-0.003783057
1244.13,0.003579898
1253.49,-0.003846415
1219.75,-0.003582631
1223.42,-0.009171048
1243.78,0.015533106
1225.17,-0.003928369
1229.05,0.00063419
1240.41,-0.003607145
1262.18,-0.002664923
1252.25,-0.00395541
1225.52,-0.004435331
1238.8,-0.020930725
1241.3,0.016200684
1231.05,0.000660204
1218.5,-0.000856154
1188.68,-0.004954135
1203.3,-0.00713301
1198.82,-0.002009608
1204.23,0.002098632
1204.24,-0.005061176
1210.6,0.000869443
1213.35,0.011647746
1196.5,-0.003960333
1205.65,-0.004658154
1200.9,0.004342174
1224.4,-0.0207666
1237.01,-0.008892906
1238.07,0.002376493
1232.1,-0.000177021
1225.94,0.002438859
1227.95,-0.002109108
1248.45,-0.006353001
1253.22,-0.020977325
1245.19,0.010996894
1241.86,-0.008203195
1242.39,-0.010176709
1254.05,-0.005619942
1254.66,0.015459016
1241.41,-0.005922897
1237.08,-0.005290994
1264.14,-0.003597935
1270.07,-0.002752762
1257.1,0.005593041
1256.88,0.000229562
1267.24,0.001917075
1243.92,-0.00846873
1244.55,-0.004809217
1257.68,-0.005238786
1254.72,0.001139247
1257.92,0.000486572
1258.19,-0.000148398
1267.27,0.012609773
1274.78,0.019287426
1291.46,-0.004851138
1291.18,-0.008587344
1302.9,-0.002226777
1318.69,0.002783849
1331.5,0.003117866
1321.97,-0.01031067
1311.6,0.004636519
1322.94,0.002452671
1324.28,-0.003686179
1336.98,-0.008447152
1340.64,-0.003705463
1330.57,-0.000227961
1331.33,-0.00787557
1326.44,-0.006492319
1350.58,0.001256178
1334.34,-0.008052898
1336.9,-0.004251706
1350.85,-0.007201267
1339.98,-0.00555967
1339.72,-0.001289909
1348.97,-0.001344945
1366.54,0.004846957
1370.06,-0.011488742
1381.4,-0.006372434
1365.85,-0.006352838
1355.81,0.003320344
1330.85,0.013315961
1330.23,-0.001922625
1333.3,0.005537763
1308.57,0.000723112
1311.41,-0.013232381
1304.07,-0.004288351
1290.74,0.001536787
1293.7,-0.008664546
1284.72,-0.006122908
1279.03,-0.005559546
1290.51,-0.008315405
1286.73,-0.001992118
1302.7,-0.000574631
1296.91,0.005001444
1308.27,-0.000200334
1312.09,0.002779874
1317.68,-0.002879077
1318.1,-0.014394179
1326.23,0.000521501
1302.55,-0.00963108
1302.13,-0.008568897
1294.35,-0.01292975
1294.6,-0.003762634
1290.12,-0.000475757
1283.85,-0.012496244
1283.51,0.003937908
1293.83,-0.003211581
1303.5,-0.004074913
1295.69,-0.01058114
1295.79,-0.005154037
1291.52,-0.00120017
1284.7,-0.000274221
1299.6,-0.008707575
1309.46,-0.001747416
1307.37,0.007167607
1289.57,-0.005773121
1289.91,-0.003645735
1289.2,0.002822472
1295.23,-0.00303255
1294.04,-0.008197497
1305.26,-0.004342119
1296,-0.000549662
1292.5,-0.005079787
1292.64,-0.005832692
1293.84,0.003467357
1292.27,-0.005063296
1293.55,-0.003748722
1292.3,0.00155366
1292.34,-0.007591873
1262.3,0.001195246
1258.27,-0.005472463
1255.63,-0.002722777
1250.5,0.001182142
1243.39,-0.011190578
1244.7,-0.001503908
1245.35,0.002369862
1253.05,0.003345806
1252.6,-0.011924668
1251.81,0.024371696
1258.14,-0.003541811
1260.74,-0.009128717
1273.5,-0.004906399
1276.63,-0.001199955
1271.34,0.00634191
1271.55,-0.003487345
1277.87,-0.007298914
1319.62,0.006938042
1314.1,-0.00428461
1317.35,-0.005189035
1318.07,-0.001311458
1318.05,0.001322139
1316.69,-0.004565391
1315.2,-0.009487722
1326.43,-0.005393136
1326.2,-0.000888425
1327.2,0.001125013
1320.02,0.007304898
1319.3,-0.002638333
1319.72,0.003615733
1319.14,0.000782634
1325.72,-0.00198488
1335.46,-0.004718376
1338.4,0.003455369
1308.01,0.011615648
1294.63,0.004364342
1298.74,-0.003261218
1318.53,-0.00536605
1310.2,-0.00473784
1311.9,-0.002746608
1307.95,-0.000952002
1304.31,-0.003278264
1293.85,-0.002854399
1307.8,-0.00757858
1303.95,0.000692219
1298.95,-0.008139207
1295.88,-0.001968762
1282.73,0.004998288
1293.8,0.002290661
1288.59,0.001049336
1288.54,0.004815048
1305.62,-0.003268306
1312.63,0.001194915
1309.3,-0.002266759
1307.98,-0.009543549
1308.41,0.00042848
1312.25,-0.003222124
1316.32,-0.003009006
1304.4,-0.002229914
1297.9,-0.0051646
1295.79,-0.003569954
1290.96,-0.008509207
1277.11,0.005397045
1280.7,-0.001790209
1275.76,0.00076513
1280.82,-0.007841904
1282.32,0.00596179
1289.7,-0.008184247
1287.01,-5.26E-05
1287.05,0.001255554
1265.62,-0.011425208
1269.01,-0.002406733
1261.2,-0.005432425
1268.3,-0.005282399
1256.33,0.003922027
1255.15,-0.008928368
1249.2,-0.006117525
1240.07,-0.011153339
1228.1,0.00574062
1232.57,-0.003509223
1234.25,-0.00452313
1222.37,-8.98E-05
1225.27,0.006788708
1216,-0.018438539
1214.68,0.001710049
1222.42,-0.005044961
1216.85,-0.006812268
1221.3,-0.005458797
1218.8,0.014138408
1214.85,-0.003040775
1208.35,0.013528045
1212.75,0.002280907
1213.91,-0.00346246
1190.85,0.008088187
1206.37,-0.001607601
1208.66,-0.000225473
1220.68,0.000949553
1223.65,-0.005414203
1223.2,0.00446989
1236.22,0.004590485
1232.5,0.0039311
1239.92,0.007090721
1238.68,-0.003063314
1238.1,-0.004869752
1246.71,-7.38E-05
1248.97,0.004480055
1242.14,0.002374167
1232.97,0.007358876
1230.9,-0.003950303
1225.68,-0.007876262
1228.14,-0.010728708
1211.73,-0.007801757
1199.6,-0.004301943
1172.59,0.001251053
1165.2,-0.013856118
1168.38,0.010686915
1140.26,-0.012407
1141.57,0.004151494
1177.6,0.012812263
1150.97,0.003674496
1163.85,-0.00383953
1162.6,0.000611724
1162.4,-0.008673518
1188.4,-0.008580045
1186.5,0.000381403
1196.45,-0.002287187
1182.06,-0.008180128
1193.53,0.004256408
1201.15,0.005944918
1197.7,-0.005017156
1200.6,0.006366399
1198.1,-0.004227187
1191.4,-0.007971035
1167.23,-0.0054419
1211.75,0.000598872
1197.67,0.004301706
1209.39,0.00045048
1205.03,0.000804172
1192.1,0.002121141
1203.15,-0.001773965
1230.63,0.005070345
1226,-0.003451599
1227.5,0.00026335
1222.3,0.004480023
1192.7,-0.005388853
1196.9,-0.007133096
1189,-0.00165548
1198.65,0.00089665
1195.5,0.003836046
1176.75,0.00728015
1176.35,0.001050654
1173.6,-0.001230151
1173.66,-0.005132128
1195.05,0.001289134
1183.2,0.006602892
1200.4,-0.00254707
1183.8,-0.005215246
1183.81,-0.00837142
1188.86,0.00638605
1204.21,-0.004665328
1218.9,0.00474083
1210.56,8.26E-05
1208.73,-0.005577319
1223.13,0.001327642
1233.34,-0.001226069
1230.58,-0.011586262
1229.68,0.003059377
1261.75,0.001480997
1279.96,-0.001097696
1276.46,-0.0100163
1293.59,0.009104887
1293.26,-0.002614435
1301.53,-0.005524919
1294.29,-0.005472159
1281.04,-0.010222243
1292.24,-0.005984566
1284.85,8.54E-05
1257.2,-0.003135791
1283.12,-0.006653434
1275.01,-0.002433655
1259.84,-0.007134052
1269.91,-0.016412084
1264.51,-0.001313202
1233.38,-9.39E-05
1239.48,-0.009731543
1233.76,-0.005277219
1218.85,-0.001843156
1222.22,-0.004540077
1229.64,-0.003026533
1230.49,-0.003322617
1209.23,-0.006840049
1212.6,-0.003080119
1207.13,0.000614777
1202.08,-0.001977099
1201.6,0.003055918
1199.67,-0.000129867
1204.69,-0.003796735
1208.89,-0.0039621
1213.06,-0.00095588
1206.79,0.000329039
1203.79,-0.002029144
1199.8,-0.016774479
1198.42,-0.009647796
1166.95,0.003538034
1166.95,-0.007836956
1161.42,-0.007739503
1154.78,0.007858702
1152.37,-0.006734208
1158.02,-0.006400615
1154.19,0.002279026
1149.12,-0.00165288
1167,-0.003675708
1171.3,-0.007581842
1182.2,0.0027893
1189.06,0.003587255
1192.6,-0.015648454
1195.15,-0.008046934
1203.9,-0.001816803
1198.8,0.003789593
1185.1,0.002393404
1183.3,0.000798531
1203.7,-0.012443329
1201.5,-0.004018711
1202.52,-0.010092014
1214.47,-0.003624847
1208.25,0.002566075
1202.65,-0.006956492
1194.3,-0.006353652
1207.5,0.000921729
1198.35,-0.004238461
1192.4,-0.00094472
1201.6,-0.0064162
1198.1,-0.000693965
1204.1,-0.003986302
1196.25,-0.002281072
1202.39,-0.004800302
1187.06,0.001761399
1193.89,-0.00187765
1178.97,0.003601865
1201.62,-0.00695934
1211.94,0.001402362
1204.72,0.000346176
1183.97,-0.007634729
1178,-0.004616889
1187.97,0.002222374
1193.02,-0.002971636
1191.29,-0.002049503
1184.4,-0.003181907
1187.5,0.003569756
1183.55,-0.00197988
1193.15,-0.007035596
1214.69,-0.002814087
1221,-0.005468918
1223.7,-0.000629237
1225.05,0.010048053
1207.55,0.002225291
1209.45,-0.005199474
1206.25,0.002969932
1205.4,-0.011237251
1206.86,-0.008841291
1187.15,-0.004995697
1187.9,0.002359974
1187.95,-0.010521712
1190,-0.003339211
1188.95,-0.006785195
1192.95,0.001131806
1184.95,0.005247016
1176.45,0.002621713
1171.5,-0.004687926
1173.45,-0.00208056
1176.05,-0.002612707
1185.35,-0.000599623
1181.95,0.002241369
1180.8,-0.004384214
1185.55,0.001570696
1181.35,0.000452587
1185.25,0.002308496
1201.25,-0.000796287
1200,-0.003225349
1185.75,-0.002904029
1177.65,0.00036013
1174.7,0.00705062
1172.95,-0.003310376
1175.04,-0.003197783
1179.85,-0.007129258
1172.75,-0.00411754
1168.6,0.000255936
1166.05,0.002905571
1168.28,-0.004547866
1169.78,-0.004836808
1154.65,0.007056981
1156.95,-0.001721965
1159.35,0.003018268
1162.65,-0.005207003
1157.45,0.008362103
1155.05,0.000341121
1148.85,-0.003342383
1144.55,-0.007528845
1134.32,-0.003909439
1097.45,-0.006573042
1100.85,0.002570374
1093.95,0.004643788
1090.15,-0.008477703
1098.9,0.009062702
1094,-0.002506127
1094.85,0.000830235
1096.55,-0.007832458
1087.95,0.005912589
1095.01,-0.004719006
1086.25,4.51E-05
1087.35,-0.003535137
1084.65,0.001364458
1089.15,-0.004483083
1093.64,-0.002473375
1103.85,-0.032130906
1108.6,-0.002335759
1124.75,0.007061741
1114.55,0.001486653
1114.54,-0.005452004
1117.35,-0.012294836
1117.45,