Time,price
2004/11/23,447.05
2004/11/24,449.55
2004/11/25,451.69
2004/11/26,451.95
2004/11/27,451.95
2004/11/28,451.95
2004/11/29,453.95
2004/11/30,450.95
2004/12/1,454.75
2004/12/2,449.25
2004/12/3,455.9
2004/12/4,455.9
2004/12/5,455.9
2004/12/6,452.25
2004/12/7,450.9
2004/12/8,440.6
2004/12/9,437.3
2004/12/10,434.2
2004/12/11,434.2
2004/12/12,434.2
2004/12/13,438.85
2004/12/14,435.6
2004/12/15,440.6
2004/12/16,437.2
2004/12/17,441.5
2004/12/18,441.5
2004/12/19,441.5
2004/12/20,442.99
2004/12/21,441.6
2004/12/22,439.7
2004/12/23,442.24
2004/12/24,442.65
2004/12/25,442.65
2004/12/26,442.65
2004/12/27,444.35
2004/12/28,443.75
2004/12/29,436.45
2004/12/30,437.99
2004/12/31,438.45
2005/1/1,438.45
2005/1/2,438.45
2005/1/3,429.55
2005/1/4,427.55
2005/1/5,426.55
2005/1/6,421.4
2005/1/7,419.05
2005/1/8,419.05
2005/1/9,419.05
2005/1/10,419.63
2005/1/11,421.65
2005/1/12,426.15
2005/1/13,425.2
2005/1/14,423.15
2005/1/15,423.15
2005/1/16,423.15
2005/1/17,422.13
2005/1/18,423.05
2005/1/19,423.15
2005/1/20,422.35
2005/1/21,427.25
2005/1/22,427.25
2005/1/23,427.25
2005/1/24,427.35
2005/1/25,422.2
2005/1/26,426.8
2005/1/27,426.2
2005/1/28,427
2005/1/29,427
2005/1/30,427
2005/1/31,422.6
2005/2/1,421.13
2005/2/2,421.96
2005/2/3,417.2
2005/2/4,414.7
2005/2/5,414.7
2005/2/6,414.7
2005/2/7,413.4
2005/2/8,412.7
2005/2/9,413.35
2005/2/10,417.8
2005/2/11,420.9
2005/2/12,420.9
2005/2/13,420.9
2005/2/14,425.75
2005/2/15,425.75
2005/2/16,425.2
2005/2/17,427.17
2005/2/18,427.41
2005/2/19,427.41
2005/2/20,427.41
2005/2/21,427.45
2005/2/22,435.85
2005/2/23,434.55
2005/2/24,433.75
2005/2/25,435.25
2005/2/26,435.25
2005/2/27,435.25
2005/2/28,435.65
2005/3/1,432.6
2005/3/2,432.95
2005/3/3,429.65
2005/3/4,434.3
2005/3/5,434.3
2005/3/6,434.3
2005/3/7,434.55
2005/3/8,440.55
2005/3/9,440.6
2005/3/10,442.13
2005/3/11,444.95
2005/3/12,444.95
2005/3/13,444.95
2005/3/14,440.97
2005/3/15,440.7
2005/3/16,443.15
2005/3/17,438.8
2005/3/18,439.35
2005/3/19,439.35
2005/3/20,439.35
2005/3/21,431.2
2005/3/22,427.11
2005/3/23,425.35
2005/3/24,425.05
2005/3/25,424.88
2005/3/26,424.88
2005/3/27,424.88
2005/3/28,426.2
2005/3/29,426.1
2005/3/30,426.35
2005/3/31,428.35
2005/4/1,426.25
2005/4/2,426.25
2005/4/3,426.25
2005/4/4,424.25
2005/4/5,425.35
2005/4/6,426.7
2005/4/7,425.9
2005/4/8,427.1
2005/4/9,427.1
2005/4/10,427.1
2005/4/11,428
2005/4/12,428.2
2005/4/13,428.9
2005/4/14,424
2005/4/15,424.9
2005/4/16,424.9
2005/4/17,424.9
2005/4/18,427.35
2005/4/19,434
2005/4/20,434.6
2005/4/21,432.57
2005/4/22,434.6
2005/4/23,434.6
2005/4/24,434.6
2005/4/25,434.7
2005/4/26,437.1
2005/4/27,432.46
2005/4/28,431.4
2005/4/29,434.39
2005/4/30,434.39
2005/5/1,434.39
2005/5/2,429.8
2005/5/3,427.9
2005/5/4,429.8
2005/5/5,430.4
2005/5/6,426.2
2005/5/7,426.2
2005/5/8,426.2
2005/5/9,426.1
2005/5/10,426.6
2005/5/11,427.4
2005/5/12,422.4
2005/5/13,420.4
2005/5/14,420.4
2005/5/15,420.4
2005/5/16,419.75
2005/5/17,418.75
2005/5/18,421.75
2005/5/19,420.6
2005/5/20,417.65
2005/5/21,417.65
2005/5/22,417.65
2005/5/23,417.55
2005/5/24,418.35
2005/5/25,419.55
2005/5/26,417.8
2005/5/27,420.45
2005/5/28,420.45
2005/5/29,420.45
2005/5/30,418.55
2005/5/31,417.25
2005/6/1,415.4
2005/6/2,421.8
2005/6/3,422.45
2005/6/4,422.45
2005/6/5,422.45
2005/6/6,425.95
2005/6/7,424.75
2005/6/8,423.15
2005/6/9,423.7
2005/6/10,427.05
2005/6/11,427.05
2005/6/12,427.05
2005/6/13,428.9
2005/6/14,426.85
2005/6/15,428.9
2005/6/16,435.65
2005/6/17,437.65
2005/6/18,437.65
2005/6/19,437.65
2005/6/20,437.9
2005/6/21,438.6
2005/6/22,438.15
2005/6/23,441.3
2005/6/24,439.95
2005/6/25,439.95
2005/6/26,439.95
2005/6/27,439.8
2005/6/28,435.55
2005/6/29,437.25
2005/6/30,435.5
2005/7/1,427.4
2005/7/2,427.4
2005/7/3,427.4
2005/7/4,427.9
2005/7/5,423.6
2005/7/6,423.76
2005/7/7,424.2
2005/7/8,423.1
2005/7/9,423.1
2005/7/10,423.1
2005/7/11,425.9
2005/7/12,426.95
2005/7/13,424.1
2005/7/14,419.6
2005/7/15,421.55
2005/7/16,421.55
2005/7/17,421.55
2005/7/18,421.05
2005/7/19,420.1
2005/7/20,423.15
2005/7/21,425.6
2005/7/22,425
2005/7/23,425
2005/7/24,425
2005/7/25,425.85
2005/7/26,423.5
2005/7/27,425.5
2005/7/28,428
2005/7/29,429.8
2005/7/30,429.8
2005/7/31,429.8
2005/8/1,432.2
2005/8/2,432.3
2005/8/3,436.8
2005/8/4,437.6
2005/8/5,437.3
2005/8/6,437.3
2005/8/7,437.3
2005/8/8,435
2005/8/9,434.8
2005/8/10,437.6
2005/8/11,445.9
2005/8/12,446.2
2005/8/13,446.2
2005/8/14,446.2
2005/8/15,442.4
2005/8/16,446.15
2005/8/17,440.1
2005/8/18,439.7
2005/8/19,436.3
2005/8/20,436.3
2005/8/21,436.3
2005/8/22,438.2
2005/8/23,439.2
2005/8/24,437.67
2005/8/25,438.7
2005/8/26,437.7
2005/8/27,437.7
2005/8/28,437.7
2005/8/29,436.9
2005/8/30,431.6
2005/8/31,435.2
2005/9/1,443.25
2005/9/2,444.4
2005/9/3,444.4
2005/9/4,444.4
2005/9/5,445.35
2005/9/6,444
2005/9/7,444.7
2005/9/8,447.4
2005/9/9,449.2
2005/9/10,449.2
2005/9/11,449.2
2005/9/12,449.75
2005/9/13,446.5
2005/9/14,450.3
2005/9/15,455.75
2005/9/16,459.75
2005/9/17,459.75
2005/9/18,459.75
2005/9/19,464.75
2005/9/20,463.85
2005/9/21,472.35
2005/9/22,466.05
2005/9/23,463.25
2005/9/24,463.25
2005/9/25,463.25
2005/9/26,466.65
2005/9/27,462.5
2005/9/28,469
2005/9/29,472.15
2005/9/30,469.3
2005/10/1,469.3
2005/10/2,469.3
2005/10/3,465.95
2005/10/4,466.25
2005/10/5,464.75
2005/10/6,473.45
2005/10/7,474.85
2005/10/8,474.85
2005/10/9,474.85
2005/10/10,475.24
2005/10/11,475.5
2005/10/12,470.9
2005/10/13,471.6
2005/10/14,469.7
2005/10/15,469.7
2005/10/16,469.7
2005/10/17,474
2005/10/18,472.2
2005/10/19,464.55
2005/10/20,461.2
2005/10/21,466.89
2005/10/22,466.89
2005/10/23,466.89
2005/10/24,465.25
2005/10/25,472.6
2005/10/26,470.95
2005/10/27,473.65
2005/10/28,473.49
2005/10/29,473.49
2005/10/30,473.49
2005/10/31,465.18
2005/11/1,459.15
2005/11/2,463.2
2005/11/3,461.1
2005/11/4,456.9
2005/11/5,456.9
2005/11/6,456.9
2005/11/7,459.6
2005/11/8,460.8
2005/11/9,467.1
2005/11/10,466.85
2005/11/11,468.7
2005/11/12,468.7
2005/11/13,468.7
2005/11/14,467.5
2005/11/15,468.52
2005/11/16,479.3
2005/11/17,486
2005/11/18,485.8
2005/11/19,485.8
2005/11/20,485.8
2005/11/21,491.76
2005/11/22,494.58
2005/11/23,492.5
2005/11/24,493.49
2005/11/25,496.08
2005/11/26,496.08
2005/11/27,496.08
2005/11/28,498.7
2005/11/29,499.8
2005/11/30,493.08
2005/12/1,503.9
2005/12/2,503.38
2005/12/3,503.38
2005/12/4,503.38
2005/12/5,509.4
2005/12/6,511.4
2005/12/7,515.2
2005/12/8,521.13
2005/12/9,526.4
2005/12/10,526.4
2005/12/11,526.4
2005/12/12,528
2005/12/13,518.7
2005/12/14,506.5
2005/12/15,502.98
2005/12/16,503.24
2005/12/17,503.24
2005/12/18,503.24
2005/12/19,503.8
2005/12/20,492.25
2005/12/21,495.33
2005/12/22,504.33
2005/12/23,502.8
2005/12/24,502.8
2005/12/25,502.8
2005/12/26,505.13
2005/12/27,507.9
2005/12/28,516.6
2005/12/29,516.9
2005/12/30,517
2005/12/31,517
2006/1/1,517
2006/1/2,516.88
2006/1/3,534.15
2006/1/4,534.4
2006/1/5,524.8
2006/1/6,539.95
2006/1/7,539.95
2006/1/8,539.95
2006/1/9,548.95
2006/1/10,542.5
2006/1/11,547.5
2006/1/12,546.4
2006/1/13,557.34
2006/1/14,557.34
2006/1/15,557.34
2006/1/16,562.2
2006/1/17,554.8
2006/1/18,542.95
2006/1/19,557.8
2006/1/20,554.49
2006/1/21,554.49
2006/1/22,554.49
2006/1/23,559.4
2006/1/24,558.6
2006/1/25,563.4
2006/1/26,560.65
2006/1/27,559.5
2006/1/28,559.5
2006/1/29,559.5
2006/1/30,568.35
2006/1/31,568.9
2006/2/1,569.35
2006/2/2,572.2
2006/2/3,568.9
2006/2/4,568.9
2006/2/5,568.9
2006/2/6,569.9
2006/2/7,548.45
2006/2/8,551.45
2006/2/9,564.4
2006/2/10,551
2006/2/11,551
2006/2/12,551
2006/2/13,540.35
2006/2/14,547.55
2006/2/15,539.95
2006/2/16,548.15
2006/2/17,552.1
2006/2/18,552.1
2006/2/19,552.1
2006/2/20,555.84
2006/2/21,554.35
2006/2/22,555.2
2006/2/23,548.84
2006/2/24,559.05
2006/2/25,559.05
2006/2/26,559.05
2006/2/27,553.95
2006/2/28,561.55
2006/3/1,562.95
2006/3/2,569.85
2006/3/3,565.4
2006/3/4,565.4
2006/3/5,565.4
2006/3/6,555.35
2006/3/7,552.7
2006/3/8,543.55
2006/3/9,546.05
2006/3/10,541.05
2006/3/11,541.05
2006/3/12,541.05
2006/3/13,545.9
2006/3/14,551.05
2006/3/15,552.95
2006/3/16,555.4
2006/3/17,554.1
2006/3/18,554.1
2006/3/19,554.1
2006/3/20,554.9
2006/3/21,552.1
2006/3/22,550.8
2006/3/23,549.8
2006/3/24,560.13
2006/3/25,560.13
2006/3/26,560.13
2006/3/27,567.3
2006/3/28,563.6
2006/3/29,573.6
2006/3/30,588.65
2006/3/31,583.65
2006/4/1,583.65
2006/4/2,583.65
2006/4/3,587.85
2006/4/4,586.7
2006/4/5,588.5
2006/4/6,595.3
2006/4/7,588.85
2006/4/8,588.85
2006/4/9,588.85
2006/4/10,599.75
2006/4/11,593.41
2006/4/12,598.38
2006/4/13,596.47
2006/4/14,602.99
2006/4/15,602.99
2006/4/16,602.99
2006/4/17,613.47
2006/4/18,621.07
2006/4/19,640.2
2006/4/20,612.5
2006/4/21,633.97
2006/4/22,633.97
2006/4/23,633.97
2006/4/24,620.7
2006/4/25,630.3
2006/4/26,638.63
2006/4/27,633.63
2006/4/28,654.42
2006/4/29,654.42
2006/4/30,654.42
2006/5/1,655.1
2006/5/2,668.8
2006/5/3,667
2006/5/4,679.7
2006/5/5,683.8
2006/5/6,683.8
2006/5/7,683.8
2006/5/8,678.7
2006/5/9,700.9
2006/5/10,707.9
2006/5/11,714.3
2006/5/12,714.8
2006/5/13,714.8
2006/5/14,714.8
2006/5/15,677.4
2006/5/16,690.4
2006/5/17,687.1
2006/5/18,682.3
2006/5/19,657.6
2006/5/20,657.6
2006/5/21,657.6
2006/5/22,656.05
2006/5/23,666.5
2006/5/24,640.7
2006/5/25,650.9
2006/5/26,653.7
2006/5/27,653.7
2006/5/28,653.7
2006/5/29,647.77
2006/5/30,652.9
2006/5/31,645.2
2006/6/1,629.6
2006/6/2,638.2
2006/6/3,638.2
2006/6/4,638.2
2006/6/5,637.15
2006/6/6,630.65
2006/6/7,626.45
2006/6/8,613.25
2006/6/9,607.45
2006/6/10,607.45
2006/6/11,607.45
2006/6/12,604.25
2006/6/13,562.05
2006/6/14,559.75
2006/6/15,577.05
2006/6/16,581.15
2006/6/17,581.15
2006/6/18,581.15
2006/6/19,565.25
2006/6/20,575.85
2006/6/21,587.55
2006/6/22,580.65
2006/6/23,583.05
2006/6/24,583.05
2006/6/25,583.05
2006/6/26,585.25
2006/6/27,579.05
2006/6/28,580.15
2006/6/29,599.65
2006/6/30,615.85
2006/7/1,615.85
2006/7/2,615.85
2006/7/3,623.49
2006/7/4,620.24
2006/7/5,628.15
2006/7/6,633.03
2006/7/7,629.25
2006/7/8,629.25
2006/7/9,629.25
2006/7/10,624.15
2006/7/11,641.45
2006/7/12,651.53
2006/7/13,660.05
2006/7/14,664.15
2006/7/15,664.15
2006/7/16,664.15
2006/7/17,643.03
2006/7/18,633.05
2006/7/19,642.75
2006/7/20,628.15
2006/7/21,619.75
2006/7/22,619.75
2006/7/23,619.75
2006/7/24,615.25
2006/7/25,619.13
2006/7/26,624.75
2006/7/27,634.35
2006/7/28,634.75
2006/7/29,634.75
2006/7/30,634.75
2006/7/31,636.74
2006/8/1,646.84
2006/8/2,651.25
2006/8/3,644.92
2006/8/4,646.5
2006/8/5,646.5
2006/8/6,646.5
2006/8/7,648.65
2006/8/8,642.55
2006/8/9,650.03
2006/8/10,636.25
2006/8/11,632.55
2006/8/12,632.55
2006/8/13,632.55
2006/8/14,626.7
2006/8/15,624.8
2006/8/16,629.05
2006/8/17,614
2006/8/18,614.9
2006/8/19,614.9
2006/8/20,614.9
2006/8/21,628.1
2006/8/22,625
2006/8/23,622.34
2006/8/24,621.4
2006/8/25,622.53
2006/8/26,622.53
2006/8/27,622.53
2006/8/28,614.78
2006/8/29,614.95
2006/8/30,619.28
2006/8/31,627.3
2006/9/1,625.45
2006/9/2,625.45
2006/9/3,625.45
2006/9/4,626.5
2006/9/5,638.3
2006/9/6,633.7
2006/9/7,616.8
2006/9/8,610.8
2006/9/9,610.8
2006/9/10,610.8
2006/9/11,589.74
2006/9/12,587.45
2006/9/13,590.19
2006/9/14,575.25
2006/9/15,579.33
2006/9/16,579.33
2006/9/17,579.33
2006/9/18,587.2
2006/9/19,573.65
2006/9/20,576.8
2006/9/21,584.2
2006/9/22,589.6
2006/9/23,589.6
2006/9/24,589.6
2006/9/25,590.8
2006/9/26,592
2006/9/27,603.1
2006/9/28,601.3
2006/9/29,598.3
2006/9/30,598.3
2006/10/1,598.3
2006/10/2,596.7
2006/10/3,574.5
2006/10/4,567
2006/10/5,574.3
2006/10/6,574.1
2006/10/7,574.1
2006/10/8,574.1
2006/10/9,577.1
2006/10/10,573
2006/10/11,573
2006/10/12,579.3
2006/10/13,590.4
2006/10/14,590.4
2006/10/15,590.4
2006/10/16,596
2006/10/17,590.1
2006/10/18,590.2
2006/10/19,599.4
2006/10/20,591.5
2006/10/21,591.5
2006/10/22,591.5
2006/10/23,581.95
2006/10/24,586.45
2006/10/25,591.05
2006/10/26,597.15
2006/10/27,599.95
2006/10/28,599.95
2006/10/29,599.95
2006/10/30,604.1
2006/10/31,606.6
2006/11/1,617.6
2006/11/2,624.7
2006/11/3,627.4
2006/11/4,627.4
2006/11/5,627.4
2006/11/6,623.2
2006/11/7,624.8
2006/11/8,615.8
2006/11/9,633.41
2006/11/10,628.55
2006/11/11,628.55
2006/11/12,628.55
2006/11/13,625.7
2006/11/14,620.88
2006/11/15,623.1
2006/11/16,618.25
2006/11/17,621.7
2006/11/18,621.7
2006/11/19,621.7
2006/11/20,622.9
2006/11/21,627.5
2006/11/22,630.3
2006/11/23,631.25
2006/11/24,638.2
2006/11/25,638.2
2006/11/26,638.2
2006/11/27,640.6
2006/11/28,640
2006/11/29,636.65
2006/11/30,648
2006/12/1,645.6
2006/12/2,645.6
2006/12/3,645.6
2006/12/4,646.2
2006/12/5,643.15
2006/12/6,630.95
2006/12/7,633.84
2006/12/8,625.15
2006/12/9,625.15
2006/12/10,625.15
2006/12/11,630.45
2006/12/12,630.05
2006/12/13,628.75
2006/12/14,625.85
2006/12/15,615.35
2006/12/16,615.35
2006/12/17,615.35
2006/12/18,616.25
2006/12/19,622.95
2006/12/20,620.44
2006/12/21,618.5
2006/12/22,621.01
2006/12/23,621.01
2006/12/24,621.01
2006/12/25,620.75
2006/12/26,624.7
2006/12/27,627.2
2006/12/28,634.9
2006/12/29,636.7
2006/12/30,636.7
2006/12/31,636.7
2007/1/1,636.8
2007/1/2,640.5
2007/1/3,627.5
2007/1/4,622
2007/1/5,607.4
2007/1/6,607.4
2007/1/7,607.4
2007/1/8,610
2007/1/9,613.7
2007/1/10,611.3
2007/1/11,611.6
2007/1/12,627.2
2007/1/13,627.2
2007/1/14,627.2
2007/1/15,626.7
2007/1/16,624.8
2007/1/17,631.8
2007/1/18,627.7
2007/1/19,635.4
2007/1/20,635.4
2007/1/21,635.4
2007/1/22,633.4
2007/1/23,646.7
2007/1/24,648.8
2007/1/25,646.1
2007/1/26,646
2007/1/27,646
2007/1/28,646
2007/1/29,643.7
2007/1/30,647.3
2007/1/31,653.2
2007/2/1,657.2
2007/2/2,647.85
2007/2/3,647.85
2007/2/4,647.85
2007/2/5,648.45
2007/2/6,653.3
2007/2/7,651.45
2007/2/8,660.45
2007/2/9,666.85
2007/2/10,666.85
2007/2/11,666.85
2007/2/12,661.1
2007/2/13,664.25
2007/2/14,669.13
2007/2/15,669.75
2007/2/16,669.05
2007/2/17,669.05
2007/2/18,669.05
2007/2/19,670.75
2007/2/20,657.25
2007/2/21,678.85
2007/2/22,677.45
2007/2/23,682.55
2007/2/24,682.55
2007/2/25,682.55
2007/2/26,686.55
2007/2/27,663.35
2007/2/28,669.35
2007/3/1,664.45
2007/3/2,642.45
2007/3/3,642.45
2007/3/4,642.45
2007/3/5,636.6
2007/3/6,646.5
2007/3/7,649
2007/3/8,651.8
2007/3/9,650.27
2007/3/10,650.27
2007/3/11,650.27
2007/3/12,650.5
2007/3/13,643.8
2007/3/14,644.7
2007/3/15,646.6
2007/3/16,653.4
2007/3/17,653.4
2007/3/18,653.4
2007/3/19,654.2
2007/3/20,658.8
2007/3/21,664.2
2007/3/22,664
2007/3/23,657.4
2007/3/24,657.4
2007/3/25,657.4
2007/3/26,664.1
2007/3/27,664.41
2007/3/28,665.55
2007/3/29,661.5
2007/3/30,663.79
2007/3/31,663.79
2007/4/1,663.79
2007/4/2,664
2007/4/3,663.95
2007/4/4,674.35
2007/4/5,674.45
2007/4/6,675
2007/4/7,675
2007/4/8,675
2007/4/9,670.75
2007/4/10,677.9
2007/4/11,677.3
2007/4/12,676.1
2007/4/13,685.52
2007/4/14,685.52
2007/4/15,685.52
2007/4/16,690.2
2007/4/17,686.55
2007/4/18,690.05
2007/4/19,682.95
2007/4/20,691.95
2007/4/21,691.95
2007/4/22,691.95
2007/4/23,689.15
2007/4/24,683.65
2007/4/25,686.25
2007/4/26,674.75
2007/4/27,681.55
2007/4/28,681.55
2007/4/29,681.55
2007/4/30,678.45
2007/5/1,673.45
2007/5/2,673.15
2007/5/3,682.35
2007/5/4,688.85
2007/5/5,688.85
2007/5/6,688.85
2007/5/7,688.75
2007/5/8,685.65
2007/5/9,680.55
2007/5/10,665.65
2007/5/11,670.85
2007/5/12,670.85
2007/5/13,670.85
2007/5/14,669.75
2007/5/15,672.05
2007/5/16,662.15
2007/5/17,657.65
2007/5/18,661.75
2007/5/19,661.75
2007/5/20,661.75
2007/5/21,663.25
2007/5/22,659.25
2007/5/23,661.85
2007/5/24,654.65
2007/5/25,656
2007/5/26,656
2007/5/27,656
2007/5/28,655.55
2007/5/29,656.85
2007/5/30,653.45
2007/5/31,660.5
2007/6/1,671.75
2007/6/2,671.75
2007/6/3,671.75
2007/6/4,671.15
2007/6/5,670.05
2007/6/6,670.75
2007/6/7,659.15
2007/6/8,648.85
2007/6/9,648.85
2007/6/10,648.85
2007/6/11,653.65
2007/6/12,647.25
2007/6/13,651.75
2007/6/14,651.95
2007/6/15,655.35
2007/6/16,655.35
2007/6/17,655.35
2007/6/18,656.35
2007/6/19,661.45
2007/6/20,654.55
2007/6/21,651.73
2007/6/22,654.3
2007/6/23,654.3
2007/6/24,654.3
2007/6/25,651
2007/6/26,640.9
2007/6/27,643.5
2007/6/28,648.95
2007/6/29,649.65
2007/6/30,649.65
2007/7/1,649.65
2007/7/2,657.25
2007/7/3,653.2
2007/7/4,654.2
2007/7/5,649.5
2007/7/6,655.9
2007/7/7,655.9
2007/7/8,655.9
2007/7/9,660.4
2007/7/10,663.3
2007/7/11,660.65
2007/7/12,666.8
2007/7/13,666.9
2007/7/14,666.9
2007/7/15,666.9
2007/7/16,664.9
2007/7/17,664.9
2007/7/18,673
2007/7/19,677.5
2007/7/20,683.4
2007/7/21,683.4
2007/7/22,683.4
2007/7/23,681.6
2007/7/24,681
2007/7/25,674.9
2007/7/26,662.9
2007/7/27,661.2
2007/7/28,661.2
2007/7/29,661.2
2007/7/30,665
2007/7/31,664.3
2007/8/1,666.9
2007/8/2,665.55
2007/8/3,673
2007/8/4,673
2007/8/5,673
2007/8/6,672.01
2007/8/7,672.4
2007/8/8,674.8
2007/8/9,662.1
2007/8/10,672.8
2007/8/11,672.8
2007/8/12,672.8
2007/8/13,669.5
2007/8/14,669.2
2007/8/15,667.6
2007/8/16,652.01
2007/8/17,657.8
2007/8/18,657.8
2007/8/19,657.8
2007/8/20,657.11
2007/8/21,657.3
2007/8/22,660.8
2007/8/23,660.38
2007/8/24,668.2
2007/8/25,668.2
2007/8/26,668.2
2007/8/27,667.6
2007/8/28,662.5
2007/8/29,667.6
2007/8/30,665.3
2007/8/31,673.4
2007/9/1,673.4
2007/9/2,673.4
2007/9/3,672.52
2007/9/4,681.65
2007/9/5,681.8
2007/9/6,695.41
2007/9/7,701
2007/9/8,701
2007/9/9,701
2007/9/10,703.1
2007/9/11,712.5
2007/9/12,711.6
2007/9/13,708.3
2007/9/14,707.6
2007/9/15,707.6
2007/9/16,707.6
2007/9/17,717.9
2007/9/18,723.5
2007/9/19,721.4
2007/9/20,733.26
2007/9/21,731.5
2007/9/22,731.5
2007/9/23,731.5
2007/9/24,730.6
2007/9/25,731.7
2007/9/26,728.8
2007/9/27,734.43
2007/9/28,743.6
2007/9/29,743.6
2007/9/30,743.6
2007/10/1,747.2
2007/10/2,731.6
2007/10/3,727.9
2007/10/4,738
2007/10/5,742.7
2007/10/6,742.7
2007/10/7,742.7
2007/10/8,733.3
2007/10/9,737.9
2007/10/10,741.1
2007/10/11,747.88
2007/10/12,749.1
2007/10/13,749.1
2007/10/14,749.1
2007/10/15,759.4
2007/10/16,760.5
2007/10/17,754.82
2007/10/18,768.2
2007/10/19,765.2
2007/10/20,765.2
2007/10/21,765.2
2007/10/22,754.2
2007/10/23,759.8
2007/10/24,763.95
2007/10/25,769.3
2007/10/26,785.2
2007/10/27,785.2
2007/10/28,785.2
2007/10/29,791.8
2007/10/30,782.1
2007/10/31,796.59
2007/11/1,787.3
2007/11/2,807
2007/11/3,807
2007/11/4,807
2007/11/5,806.5
2007/11/6,825
2007/11/7,831.09
2007/11/8,833.59
2007/11/9,832
2007/11/10,832
2007/11/11,832
2007/11/12,793.5
2007/11/13,802
2007/11/14,811.95
2007/11/15,788.45
2007/11/16,786.3
2007/11/17,786.3
2007/11/18,786.3
2007/11/19,781.75
2007/11/20,803.2
2007/11/21,800.32
2007/11/22,804.53
2007/11/23,823.8
2007/11/24,823.8
2007/11/25,823.8
2007/11/26,824.6
2007/11/27,812.59
2007/11/28,804.83
2007/11/29,793.07
2007/11/30,783.75
2007/12/1,783.75
2007/12/2,783.75
2007/12/3,794.3
2007/12/4,801.7
2007/12/5,795.15
2007/12/6,802.42
2007/12/7,794.8
2007/12/8,794.8
2007/12/9,794.8
2007/12/10,808.53
2007/12/11,796.98
2007/12/12,813.48
2007/12/13,797.62
2007/12/14,794.49
2007/12/15,794.49
2007/12/16,794.49
2007/12/17,793.35
2007/12/18,802.88
2007/12/19,802.19
2007/12/20,796.38
2007/12/21,811.72
2007/12/22,811.72
2007/12/23,811.72
2007/12/24,811.8
2007/12/25,807
2007/12/26,824.5
2007/12/27,825.58
2007/12/28,840.5
2007/12/29,840.5
2007/12/30,840.5
2007/12/31,833.92
2008/1/1,833.7
2008/1/2,857.55
2008/1/3,864.93
2008/1/4,859.6
2008/1/5,859.6
2008/1/6,859.6
2008/1/7,858.16
2008/1/8,878.16
2008/1/9,878.8
2008/1/10,893.3
2008/1/11,895.4
2008/1/12,895.4
2008/1/13,895.4
2008/1/14,904.13
2008/1/15,888.1
2008/1/16,877.03
2008/1/17,877.76
2008/1/18,883.17
2008/1/19,883.17
2008/1/20,883.17
2008/1/21,865
2008/1/22,892.34
2008/1/23,890.32
2008/1/24,912.85
2008/1/25,913.95
2008/1/26,913.95
2008/1/27,913.95
2008/1/28,928.97
2008/1/29,923.76
2008/1/30,929.4
2008/1/31,925.99
2008/2/1,905.48
2008/2/2,905.48
2008/2/3,905.48
2008/2/4,903.58
2008/2/5,888.17
2008/2/6,900.6
2008/2/7,910.51
2008/2/8,922.99
2008/2/9,922.99
2008/2/10,922.99
2008/2/11,923.5
2008/2/12,906.39
2008/2/13,906.6
2008/2/14,908.2
2008/2/15,902.5
2008/2/16,902.5
2008/2/17,902.5
2008/2/18,905.2
2008/2/19,927.8
2008/2/20,944.1
2008/2/21,946.1
2008/2/22,945.2
2008/2/23,945.2
2008/2/24,945.2
2008/2/25,939.6
2008/2/26,948.15
2008/2/27,957.84
2008/2/28,970.74
2008/2/29,974.17
2008/3/1,974.17
2008/3/2,974.17
2008/3/3,983.7
2008/3/4,964.01
2008/3/5,989.8
2008/3/6,978.99
2008/3/7,973.2
2008/3/8,973.2
2008/3/9,973.2
2008/3/10,972.84
2008/3/11,973.3
2008/3/12,982.93
2008/3/13,994.83
2008/3/14,1002.95
2008/3/15,1002.95
2008/3/16,1002.95
2008/3/17,1002.7
2008/3/18,982.24
2008/3/19,944.2
2008/3/20,910.2
2008/3/21,919.5
2008/3/22,919.5
2008/3/23,919.5
2008/3/24,915.3
2008/3/25,938.78
2008/3/26,954.17
2008/3/27,947.2
2008/3/28,931.05
2008/3/29,931.05
2008/3/30,931.05
2008/3/31,916.88
2008/4/1,882.7
2008/4/2,904.35
2008/4/3,902.9
2008/4/4,913.79
2008/4/5,913.79
2008/4/6,913.79
2008/4/7,920
2008/4/8,914.9
2008/4/9,934
2008/4/10,928.99
2008/4/11,925.3
2008/4/12,925.3
2008/4/13,925.3
2008/4/14,924.45
2008/4/15,927.91
2008/4/16,944.59
2008/4/17,938.8
2008/4/18,917.09
2008/4/19,917.09
2008/4/20,917.09
2008/4/21,916.74
2008/4/22,915.9
2008/4/23,904.25
2008/4/24,886.13
2008/4/25,886.3
2008/4/26,886.3
2008/4/27,886.3
2008/4/28,893.26
2008/4/29,870.5
2008/4/30,877.55
2008/5/1,852.7
2008/5/2,856.45
2008/5/3,856.45
2008/5/4,856.45
2008/5/5,874.2
2008/5/6,876.4
2008/5/7,868.75
2008/5/8,881.85
2008/5/9,884.85
2008/5/10,884.85
2008/5/11,884.85
2008/5/12,882.68
2008/5/13,866.95
2008/5/14,864
2008/5/15,881.65
2008/5/16,902.4
2008/5/17,902.4
2008/5/18,902.4
2008/5/19,905.2
2008/5/20,919.25
2008/5/21,932.55
2008/5/22,921.85
2008/5/23,925.1
2008/5/24,925.1
2008/5/25,925.1
2008/5/26,929.1
2008/5/27,906.45
2008/5/28,900.85
2008/5/29,877.9
2008/5/30,886.5
2008/5/31,886.5
2008/6/1,886.5
2008/6/2,891.42
2008/6/3,880.55
2008/6/4,880.9
2008/6/5,877.2
2008/6/6,902.25
2008/6/7,902.25
2008/6/8,902.25
2008/6/9,892.9
2008/6/10,867
2008/6/11,880.35
2008/6/12,868.2
2008/6/13,871.55
2008/6/14,871.55
2008/6/15,871.55
2008/6/16,882.4
2008/6/17,882.75
2008/6/18,894.35
2008/6/19,898.47
2008/6/20,902.3
2008/6/21,902.3
2008/6/22,902.3
2008/6/23,883.8
2008/6/24,889.6
2008/6/25,886.38
2008/6/26,917.3
2008/6/27,927.8
2008/6/28,927.8
2008/6/29,927.8
2008/6/30,925.4
2008/7/1,939.63
2008/7/2,945.15
2008/7/3,934.45
2008/7/4,933.25
2008/7/5,933.25
2008/7/6,933.25
2008/7/7,925.85
2008/7/8,919.63
2008/7/9,928.57
2008/7/10,947.66
2008/7/11,964.2
2008/7/12,964.2
2008/7/13,964.2
2008/7/14,972.6
2008/7/15,977.5
2008/7/16,959.95
2008/7/17,957.43
2008/7/18,955
2008/7/19,955
2008/7/20,955
2008/7/21,965.55
2008/7/22,946.4
2008/7/23,920.85
2008/7/24,928.05
2008/7/25,929.85
2008/7/26,929.85
2008/7/27,929.85
2008/7/28,930.63
2008/7/29,918.9
2008/7/30,906.1
2008/7/31,914.07
2008/8/1,910.95
2008/8/2,910.95
2008/8/3,910.95
2008/8/4,894.8
2008/8/5,874.4
2008/8/6,879.8
2008/8/7,873.05
2008/8/8,856.6
2008/8/9,856.6
2008/8/10,856.6
2008/8/11,823.85
2008/8/12,812.32
2008/8/13,826.8
2008/8/14,806.63
2008/8/15,787.7
2008/8/16,787.7
2008/8/17,787.7
2008/8/18,800.07
2008/8/19,814.2
2008/8/20,813.67
2008/8/21,837
2008/8/22,823.05
2008/8/23,823.05
2008/8/24,823.05
2008/8/25,821.95
2008/8/26,824.9
2008/8/27,826.9
2008/8/28,834.05
2008/8/29,831.15
2008/8/30,831.15
2008/8/31,831.15
2008/9/1,817.7
2008/9/2,805.35
2008/9/3,801.3
2008/9/4,796.45
2008/9/5,803.5
2008/9/6,803.5
2008/9/7,803.5
2008/9/8,802.3
2008/9/9,777.25
2008/9/10,752.45
2008/9/11,746.47
2008/9/12,765.5
2008/9/13,765.5
2008/9/14,765.5
2008/9/15,786.65
2008/9/16,779.75
2008/9/17,863.85
2008/9/18,850.84
2008/9/19,873.55
2008/9/20,873.55
2008/9/21,873.55
2008/9/22,897
2008/9/23,892.15
2008/9/24,882.63
2008/9/25,877.9
2008/9/26,878.75
2008/9/27,878.75
2008/9/28,878.75
2008/9/29,909.5
2008/9/30,870.95
2008/10/1,870.8
2008/10/2,836.4
2008/10/3,835.5
2008/10/4,835.5
2008/10/5,835.5
2008/10/6,859.75
2008/10/7,887.1
2008/10/8,907.62
2008/10/9,913.25
2008/10/10,849.85
2008/10/11,849.85
2008/10/12,849.85
2008/10/13,833.05
2008/10/14,836.7
2008/10/15,846.9
2008/10/16,804.6
2008/10/17,783.35
2008/10/18,783.35
2008/10/19,783.35
2008/10/20,796.9
2008/10/21,771.65
2008/10/22,730.45
2008/10/23,721.45
2008/10/24,734.75
2008/10/25,734.75
2008/10/26,734.75
2008/10/27,730.8
2008/10/28,746.95
2008/10/29,754.95
2008/10/30,738.13
2008/10/31,724.55
2008/11/1,724.55
2008/11/2,724.55
2008/11/3,723.45
2008/11/4,763.25
2008/11/5,740.35
2008/11/6,732.85
2008/11/7,736.65
2008/11/8,736.65
2008/11/9,736.65
2008/11/10,746.2
2008/11/11,731.7
2008/11/12,712.3
2008/11/13,736.5
2008/11/14,742.1
2008/11/15,742.1
2008/11/16,742.1
2008/11/17,737.92
2008/11/18,738.15
2008/11/19,734.55
2008/11/20,745.06
2008/11/21,800.4
2008/11/22,800.4
2008/11/23,800.4
2008/11/24,821.65
2008/11/25,821.05
2008/11/26,812.9
2008/11/27,815.83
2008/11/28,818.05
2008/11/29,818.05
2008/11/30,818.05
2008/12/1,768.95
2008/12/2,782.35
2008/12/3,773.95
2008/12/4,767
2008/12/5,756.45
2008/12/6,756.45
2008/12/7,756.45
2008/12/8,772.7
2008/12/9,776.95
2008/12/10,810.6
2008/12/11,821.35
2008/12/12,822.35
2008/12/13,822.35
2008/12/14,822.35
2008/12/15,838.45
2008/12/16,858.1
2008/12/17,867.9
2008/12/18,852.91
2008/12/19,838.28
2008/12/20,838.28
2008/12/21,838.28
2008/12/22,848.05
2008/12/23,840.2
2008/12/24,848
2008/12/25,846.99
2008/12/26,869.3
2008/12/27,869.3
2008/12/28,869.3
2008/12/29,880.3
2008/12/30,873.7
2008/12/31,882.05
2009/1/1,879.45
2009/1/2,875.4
2009/1/3,875.4
2009/1/4,875.4
2009/1/5,859.5
2009/1/6,863.9
2009/1/7,842.95
2009/1/8,857.4
2009/1/9,854.2
2009/1/10,854.2
2009/1/11,854.2
2009/1/12,820.85
2009/1/13,822
2009/1/14,811.7
2009/1/15,817.8
2009/1/16,843.15
2009/1/17,843.15
2009/1/18,843.15
2009/1/19,835.9
2009/1/20,857.25
2009/1/21,854.25
2009/1/22,857
2009/1/23,899.75
2009/1/24,899.75
2009/1/25,899.75
2009/1/26,903.35
2009/1/27,899.22
2009/1/28,887.55
2009/1/29,908.65
2009/1/30,927.85
2009/1/31,927.85
2009/2/1,927.85
2009/2/2,905.49
2009/2/3,900.35
2009/2/4,905.75
2009/2/5,914.55
2009/2/6,911.5
2009/2/7,911.5
2009/2/8,911.5
2009/2/9,894.55
2009/2/10,915.1
2009/2/11,938.99
2009/2/12,946.75
2009/2/13,941.7
2009/2/14,941.7
2009/2/15,941.7
2009/2/16,941.75
2009/2/17,970.25
2009/2/18,984.9
2009/2/19,974.65
2009/2/20,992.9
2009/2/21,992.9
2009/2/22,992.9
2009/2/23,991.75
2009/2/24,962.67
2009/2/25,953.83
2009/2/26,946.2
2009/2/27,942.35
2009/2/28,942.35
2009/3/1,942.35
2009/3/2,926.1
2009/3/3,916.28
2009/3/4,906.5
2009/3/5,932.4
2009/3/6,939.35
2009/3/7,939.35
2009/3/8,939.35
2009/3/9,921.97
2009/3/10,898.15
2009/3/11,909.4
2009/3/12,926.63
2009/3/13,929.75
2009/3/14,929.75
2009/3/15,929.75
2009/3/16,923.15
2009/3/17,915.4
2009/3/18,942
2009/3/19,959.85
2009/3/20,952.2
2009/3/21,952.2
2009/3/22,952.2
2009/3/23,939.5
2009/3/24,925.87
2009/3/25,934.02
2009/3/26,934.1
2009/3/27,923.15
2009/3/28,923.15
2009/3/29,923.15
2009/3/30,915.84
2009/3/31,919.15
2009/4/1,927.4
2009/4/2,904.05
2009/4/3,893.15
2009/4/4,893.15
2009/4/5,893.15
2009/4/6,868.9
2009/4/7,881.24
2009/4/8,880.5
2009/4/9,879.35
2009/4/10,881.65
2009/4/11,881.65
2009/4/12,881.65
2009/4/13,893.85
2009/4/14,890.72
2009/4/15,891.05
2009/4/16,875.7
2009/4/17,868.8
2009/4/18,868.8
2009/4/19,868.8
2009/4/20,884.5
2009/4/21,883.8
2009/4/22,889.75
2009/4/23,904.3
2009/4/24,913.2
2009/4/25,913.2
2009/4/26,913.2
2009/4/27,906.5
2009/4/28,893.38
2009/4/29,898
2009/4/30,888.2
2009/5/1,886.55
2009/5/2,886.55
2009/5/3,886.55
2009/5/4,902.1
2009/5/5,897.15
2009/5/6,911.22
2009/5/7,910.7
2009/5/8,916.65
2009/5/9,916.65
2009/5/10,916.65
2009/5/11,913.33
2009/5/12,923.35
2009/5/13,926.3
2009/5/14,926.5
2009/5/15,931.8
2009/5/16,931.8
2009/5/17,931.8
2009/5/18,918.25
2009/5/19,925.05
2009/5/20,938.65
2009/5/21,953.8
2009/5/22,957.35
2009/5/23,957.35
2009/5/24,957.35
2009/5/25,958.8
2009/5/26,952
2009/5/27,949.9
2009/5/28,959.45
2009/5/29,979.15
2009/5/30,979.15
2009/5/31,979.15
2009/6/1,975.27
2009/6/2,981.85
2009/6/3,963.07
2009/6/4,980.25
2009/6/5,955.25
2009/6/6,955.25
2009/6/7,955.25
2009/6/8,951.82
2009/6/9,954.78
2009/6/10,954.49
2009/6/11,953.95
2009/6/12,939.3
2009/6/13,939.3
2009/6/14,939.3
2009/6/15,928.3
2009/6/16,934.8
2009/6/17,938.87
2009/6/18,933.06
2009/6/19,934.05
2009/6/20,934.05
2009/6/21,934.05
2009/6/22,922.7
2009/6/23,925.83
2009/6/24,931.4
2009/6/25,939.25
2009/6/26,939.6
2009/6/27,939.6
2009/6/28,939.6
2009/6/29,937.95
2009/6/30,926.6
2009/7/1,940.8
2009/7/2,929.8
2009/7/3,932.25
2009/7/4,932.25
2009/7/5,932.25
2009/7/6,924.95
2009/7/7,924.68
2009/7/8,909.5
2009/7/9,912.35
2009/7/10,913.05
2009/7/11,913.05
2009/7/12,913.05
2009/7/13,920.3
2009/7/14,925.7
2009/7/15,939.2
2009/7/16,937.34
2009/7/17,937.5
2009/7/18,937.5
2009/7/19,937.5
2009/7/20,948.7
2009/7/21,948.5
2009/7/22,951.4
2009/7/23,949.15
2009/7/24,951.35
2009/7/25,951.35
2009/7/26,951.35
2009/7/27,953.84
2009/7/28,937.5
2009/7/29,930
2009/7/30,934.4
2009/7/31,954
2009/8/1,954
2009/8/2,954
2009/8/3,956.8
2009/8/4,966.95
2009/8/5,963.45
2009/8/6,963.25
2009/8/7,954.95
2009/8/8,954.95
2009/8/9,954.95
2009/8/10,946.3
2009/8/11,946.1
2009/8/12,947.1
2009/8/13,954.95
2009/8/14,948.55
2009/8/15,948.55
2009/8/16,948.55
2009/8/17,934.55
2009/8/18,938.6
2009/8/19,942.05
2009/8/20,940.65
2009/8/21,953.85
2009/8/22,953.85
2009/8/23,953.85
2009/8/24,941.55
2009/8/25,944.75
2009/8/26,945.55
2009/8/27,948.15
2009/8/28,955
2009/8/29,955
2009/8/30,955
2009/8/31,951.25
2009/9/1,956.35
2009/9/2,978.5
2009/9/3,991.85
2009/9/4,994.4
2009/9/5,994.4
2009/9/6,994.4
2009/9/7,995.25
2009/9/8,995.4
2009/9/9,992.3
2009/9/10,996.6
2009/9/11,1005.2
2009/9/12,1005.2
2009/9/13,1005.2
2009/9/14,1000.2
2009/9/15,1007.55
2009/9/16,1017.3
2009/9/17,1013.6
2009/9/18,1007.6
2009/9/19,1007.6
2009/9/20,1007.6
2009/9/21,1003.7
2009/9/22,1014.4
2009/9/23,1008.4
2009/9/24,994.1
2009/9/25,991
2009/9/26,991
2009/9/27,991
2009/9/28,991.05
2009/9/29,992.4
2009/9/30,1007.7
2009/10/1,999.2
2009/10/2,1002.8
2009/10/3,1002.8
2009/10/4,1002.8
2009/10/5,1017.3
2009/10/6,1042.1
2009/10/7,1044.2
2009/10/8,1055.1
2009/10/9,1049.25
2009/10/10,1049.25
2009/10/11,1049.25
2009/10/12,1057.1
2009/10/13,1064.3
2009/10/14,1062.4
2009/10/15,1050.2
2009/10/16,1053.6
2009/10/17,1053.6
2009/10/18,1053.6
2009/10/19,1064.2
2009/10/20,1055.2
2009/10/21,1059
2009/10/22,1060.1
2009/10/23,1055.4
2009/10/24,1055.4
2009/10/25,1055.4
2009/10/26,1038.5
2009/10/27,1040.05
2009/10/28,1028.1
2009/10/29,1047
2009/10/30,1045.4
2009/10/31,1045.4
2009/11/1,1045.4
2009/11/2,1059.5
2009/11/3,1084.4
2009/11/4,1092.2
2009/11/5,1090.3
2009/11/6,1095.1
2009/11/7,1095.1
2009/11/8,1095.1
2009/11/9,1103.8
2009/11/10,1105.8
2009/11/11,1117.4
2009/11/12,1103.8
2009/11/13,1118.7
2009/11/14,1118.7
2009/11/15,1118.7
2009/11/16,1139.2
2009/11/17,1141.3
2009/11/18,1145.5
2009/11/19,1144.6
2009/11/20,1150.6
2009/11/21,1150.6
2009/11/22,1150.6
2009/11/23,1166.1
2009/11/24,1169.4
2009/11/25,1191.8
2009/11/26,1188.38
2009/11/27,1177.63
2009/11/28,1177.63
2009/11/29,1177.63
2009/11/30,1179.6
2009/12/1,1196.6
2009/12/2,1215.7
2009/12/3,1207.6
2009/12/4,1161.4
2009/12/5,1161.4
2009/12/6,1161.4
2009/12/7,1158.1
2009/12/8,1128.4
2009/12/9,1128.6
2009/12/10,1131
2009/12/11,1115.4
2009/12/12,1115.4
2009/12/13,1115.4
2009/12/14,1126.7
2009/12/15,1125.2
2009/12/16,1137.9
2009/12/17,1098.9
2009/12/18,1113.2
2009/12/19,1113.2
2009/12/20,1113.2
2009/12/21,1093.4
2009/12/22,1084
2009/12/23,1087.55
2009/12/24,1105.4
2009/12/25,1105.45
2009/12/26,1105.45
2009/12/27,1105.45
2009/12/28,1107.3
2009/12/29,1096.83
2009/12/30,1092.9
2009/12/31,1096.95
2010/1/1,1097.32
2010/1/2,1097.32
2010/1/3,1097.32
2010/1/4,1121.2
2010/1/5,1118
2010/1/6,1138.4
2010/1/7,1131.6
2010/1/8,1138.25
2010/1/9,1138.25
2010/1/10,1138.25
2010/1/11,1151.85
2010/1/12,1128.5
2010/1/13,1138.2
2010/1/14,1142.85
2010/1/15,1130.93
2010/1/16,1130.93
2010/1/17,1130.93
2010/1/18,1133.6
2010/1/19,1138.2
2010/1/20,1111.05
2010/1/21,1093.95
2010/1/22,1093.2
2010/1/23,1093.2
2010/1/24,1093.2
2010/1/25,1098.4
2010/1/26,1097.55
2010/1/27,1087.9
2010/1/28,1087.1
2010/1/29,1080.85
2010/1/30,1080.85
2010/1/31,1080.85
2010/2/1,1105.5
2010/2/2,1114.45
2010/2/3,1109.8
2010/2/4,1063.7
2010/2/5,1066.3
2010/2/6,1066.3
2010/2/7,1066.3
2010/2/8,1062.85
2010/2/9,1078.09
2010/2/10,1072.1
2010/2/11,1095.4
2010/2/12,1093.38
2010/2/13,1093.38
2010/2/14,1093.38
2010/2/15,1101.1
2010/2/16,1119.45
2010/2/17,1106.81
2010/2/18,1108.7
2010/2/19,1119.2
2010/2/20,1119.2
2010/2/21,1119.2
2010/2/22,1114.25
2010/2/23,1103.4
2010/2/24,1097.75
2010/2/25,1106.35
2010/2/26,1117.6
2010/2/27,1117.6
2010/2/28,1117.6
2010/3/1,1118.99
2010/3/2,1134.7
2010/3/3,1139.9
2010/3/4,1132.2
2010/3/5,1134.65
2010/3/6,1134.65
2010/3/7,1134.65
2010/3/8,1123.55
2010/3/9,1121.85
2010/3/10,1108.41
2010/3/11,1109.5
2010/3/12,1101.9
2010/3/13,1101.9
2010/3/14,1101.9
2010/3/15,1108.45
2010/3/16,1127.7
2010/3/17,1120.35
2010/3/18,1127.35
2010/3/19,1107
2010/3/20,1107
2010/3/21,1107
2010/3/22,1102.25
2010/3/23,1105.15
2010/3/24,1086.65
2010/3/25,1090.5
2010/3/26,1107.5
2010/3/27,1107.5
2010/3/28,1107.5
2010/3/29,1109.72
2010/3/30,1103.6
2010/3/31,1113.25
2010/4/1,1126.8
2010/4/2,1119.8
2010/4/3,1119.8
2010/4/4,1119.8
2010/4/5,1131.9
2010/4/6,1134.3
2010/4/7,1149.35
2010/4/8,1150.55
2010/4/9,1162
2010/4/10,1162
2010/4/11,1162
2010/4/12,1156.2
2010/4/13,1150.65
2010/4/14,1155.35
2010/4/15,1159.25
2010/4/16,1137.4
2010/4/17,1137.4
2010/4/18,1137.4
2010/4/19,1135.75
2010/4/20,1140.75
2010/4/21,1146.75
2010/4/22,1141.5
2010/4/23,1157.6
2010/4/24,1157.6
2010/4/25,1157.6
2010/4/26,1153.5
2010/4/27,1167.85
2010/4/28,1165.7
2010/4/29,1166.85
2010/4/30,1179.2
2010/5/1,1179.2
2010/5/2,1179.2
2010/5/3,1182.18
2010/5/4,1171.28
2010/5/5,1175.28
2010/5/6,1208.57
2010/5/7,1208.4
2010/5/8,1208.4
2010/5/9,1208.4
2010/5/10,1203.1
2010/5/11,1232.88
2010/5/12,1238.93
2010/5/13,1232.7
2010/5/14,1233.18
2010/5/15,1233.18
2010/5/16,1233.18
2010/5/17,1222.45
2010/5/18,1225.15
2010/5/19,1193.75
2010/5/20,1182.35
2010/5/21,1177.1
2010/5/22,1177.1
2010/5/23,1177.1
2010/5/24,1191.65
2010/5/25,1204.25
2010/5/26,1211.8
2010/5/27,1212.65
2010/5/28,1214.38
2010/5/29,1214.38
2010/5/30,1214.38
2010/5/31,1216.2
2010/6/1,1225.65
2010/6/2,1223.45
2010/6/3,1206.65
2010/6/4,1219.9
2010/6/5,1219.9
2010/6/6,1219.9
2010/6/7,1240.25
2010/6/8,1236.55
2010/6/9,1233.5
2010/6/10,1216.55
2010/6/11,1226.7
2010/6/12,1226.7
2010/6/13,1226.7
2010/6/14,1221.25
2010/6/15,1234.15
2010/6/16,1229
2010/6/17,1245.15
2010/6/18,1256.8
2010/6/19,1256.8
2010/6/20,1256.8
2010/6/21,1233.7
2010/6/22,1240.05
2010/6/23,1237.35
2010/6/24,1243.45
2010/6/25,1255.6
2010/6/26,1255.6
2010/6/27,1255.6
2010/6/28,1238.95
2010/6/29,1240.65
2010/6/30,1242.25
2010/7/1,1198.95
2010/7/2,1211.6
2010/7/3,1211.6
2010/7/4,1211.6
2010/7/5,1209.27
2010/7/6,1192.63
2010/7/7,1202.75
2010/7/8,1198.1
2010/7/9,1211.6
2010/7/10,1211.6
2010/7/11,1211.6
2010/7/12,1196.85
2010/7/13,1212.35
2010/7/14,1208.3
2010/7/15,1208.25
2010/7/16,1193
2010/7/17,1193
2010/7/18,1193
2010/7/19,1182.95
2010/7/20,1192.05
2010/7/21,1185.05
2010/7/22,1194.95
2010/7/23,1189.2
2010/7/24,1189.2
2010/7/25,1189.2
2010/7/26,1183.55
2010/7/27,1161.6
2010/7/28,1163.6
2010/7/29,1168.25
2010/7/30,1181
2010/7/31,1181
2010/8/1,1181
2010/8/2,1182.85
2010/8/3,1186.15
2010/8/4,1194.95
2010/8/5,1194.95
2010/8/6,1205.4
2010/8/7,1205.4
2010/8/8,1205.4
2010/8/9,1201.35
2010/8/10,1204.25
2010/8/11,1198.1
2010/8/12,1213.85
2010/8/13,1215.5
2010/8/14,1215.5
2010/8/15,1215.5
2010/8/16,1225.15
2010/8/17,1224.85
2010/8/18,1229.45
2010/8/19,1232.15
2010/8/20,1227.8
2010/8/21,1227.8
2010/8/22,1227.8
2010/8/23,1226.15
2010/8/24,1230.65
2010/8/25,1240.05
2010/8/26,1237.6
2010/8/27,1238.1
2010/8/28,1238.1
2010/8/29,1238.1
2010/8/30,1236.97
2010/8/31,1247.45
2010/9/1,1244.3
2010/9/2,1250.95
2010/9/3,1246.75
2010/9/4,1246.75
2010/9/5,1246.75
2010/9/6,1250.05
2010/9/7,1255.55
2010/9/8,1254.95
2010/9/9,1243.65
2010/9/10,1246.25
2010/9/11,1246.25
2010/9/12,1246.25
2010/9/13,1245.6
2010/9/14,1268.15
2010/9/15,1268.05
2010/9/16,1275.25
2010/9/17,1274.3
2010/9/18,1274.3
2010/9/19,1274.3
2010/9/20,1278.35
2010/9/21,1287.15
2010/9/22,1291.35
2010/9/23,1292.45
2010/9/24,1295.95
2010/9/25,1295.95
2010/9/26,1295.95
2010/9/27,1294.35
2010/9/28,1309.05
2010/9/29,1309.85
2010/9/30,1308.35
2010/10/1,1319.1
2010/10/2,1319.1
2010/10/3,1319.1
2010/10/4,1315.25
2010/10/5,1340.65
2010/10/6,1349.05
2010/10/7,1333.55
2010/10/8,1346.74
2010/10/9,1346.74
2010/10/10,1346.74
2010/10/11,1354.05
2010/10/12,1350.35
2010/10/13,1372.15
2010/10/14,1381.15
2010/10/15,1368.4
2010/10/16,1368.4
2010/10/17,1368.4
2010/10/18,1368.45
2010/10/19,1332.05
2010/10/20,1346.25
2010/10/21,1325.68
2010/10/22,1328.45
2010/10/23,1328.45
2010/10/24,1328.45
2010/10/25,1339.85
2010/10/26,1340.45
2010/10/27,1325.35
2010/10/28,1344.05
2010/10/29,1359.4
2010/10/30,1359.4
2010/10/31,1359.4
2010/11/1,1353.85
2010/11/2,1357.45
2010/11/3,1348.55
2010/11/4,1392.5
2010/11/5,1393.65
2010/11/6,1393.65
2010/11/7,1393.65
2010/11/8,1409.55
2010/11/9,1392.9
2010/11/10,1403.9
2010/11/11,1408.65
2010/11/12,1368.75
2010/11/13,1368.75
2010/11/14,1368.75
2010/11/15,1360.6
2010/11/16,1339.7
2010/11/17,1336
2010/11/18,1353.07
2010/11/19,1352.93
2010/11/20,1352.93
2010/11/21,1352.93
2010/11/22,1363.5
2010/11/23,1376.9
2010/11/24,1375
2010/11/25,1375.9
2010/11/26,1365.2
2010/11/27,1365.2
2010/11/28,1365.2
2010/11/29,1366.9
2010/11/30,1386.02
2010/12/1,1387.9
2010/12/2,1386.7
2010/12/3,1414.07
2010/12/4,1414.07
2010/12/5,1414.07
2010/12/6,1423.75
2010/12/7,1402.05
2010/12/8,1382.07
2010/12/9,1387.1
2010/12/10,1386
2010/12/11,1386
2010/12/12,1386
2010/12/13,1394.18
2010/12/14,1396.25
2010/12/15,1380.82
2010/12/16,1370.28
2010/12/17,1375.45
2010/12/18,1375.45
2010/12/19,1375.45
2010/12/20,1385.25
2010/12/21,1385.6
2010/12/22,1385.35
2010/12/23,1380.1
2010/12/24,1381.47
2010/12/25,1381.47
2010/12/26,1381.47
2010/12/27,1383.75
2010/12/28,1405.9
2010/12/29,1411.75
2010/12/30,1404.68
2010/12/31,1420.78
2011/1/1,1420.78
2011/1/2,1420.78
2011/1/3,1414.8
2011/1/4,1380.72
2011/1/5,1378.32
2011/1/6,1371.6
2011/1/7,1369.57
2011/1/8,1369.57
2011/1/9,1369.57
2011/1/10,1375.68
2011/1/11,1381.53
2011/1/12,1387.85
2011/1/13,1373.78
2011/1/14,1361.72
2011/1/15,1361.72
2011/1/16,1361.72
2011/1/17,1362.65
2011/1/18,1368.25
2011/1/19,1369.93
2011/1/20,1346.28
2011/1/21,1342.68
2011/1/22,1342.68
2011/1/23,1342.68
2011/1/24,1334.35
2011/1/25,1332.32
2011/1/26,1345.85
2011/1/27,1313.93
2011/1/28,1336.75
2011/1/29,1336.75
2011/1/30,1336.75
2011/1/31,1332.8
2011/2/1,1338.1
2011/2/2,1335.32
2011/2/3,1354.35
2011/2/4,1348.85
2011/2/5,1348.85
2011/2/6,1348.85
2011/2/7,1351.3
2011/2/8,1364.03
2011/2/9,1363.65
2011/2/10,1363.8
2011/2/11,1357.05
2011/2/12,1357.05
2011/2/13,1357.05
2011/2/14,1361.85
2011/2/15,1373.8
2011/2/16,1374.43
2011/2/17,1384.1
2011/2/18,1389.53
2011/2/19,1389.53
2011/2/20,1389.53
2011/2/21,1406.45
2011/2/22,1399.13
2011/2/23,1411.7
2011/2/24,1402.88
2011/2/25,1410.6
2011/2/26,1410.6
2011/2/27,1410.6
2011/2/28,1411.48
2011/3/1,1433.28
2011/3/2,1434.5
2011/3/3,1416
2011/3/4,1430.9
2011/3/5,1430.9
2011/3/6,1430.9
2011/3/7,1432.05
2011/3/8,1428.95
2011/3/9,1430.97
2011/3/10,1411.8
2011/3/11,1417.45
2011/3/12,1417.45
2011/3/13,1417.45
2011/3/14,1426.4
2011/3/15,1395.7
2011/3/16,1398.88
2011/3/17,1403.72
2011/3/18,1418.9
2011/3/19,1418.9
2011/3/20,1418.9
2011/3/21,1427.68
2011/3/22,1427.65
2011/3/23,1437.4
2011/3/24,1430.65
2011/3/25,1429.74
2011/3/26,1429.74
2011/3/27,1429.74
2011/3/28,1420.4
2011/3/29,1418.5
2011/3/30,1423.02
2011/3/31,1432.3
2011/4/1,1428.8
2011/4/2,1428.8
2011/4/3,1428.8
2011/4/4,1433.95
2011/4/5,1455.73
2011/4/6,1459.7
2011/4/7,1458.07
2011/4/8,1474.93
2011/4/9,1474.93
2011/4/10,1474.93
2011/4/11,1463.15
2011/4/12,1453.1
2011/4/13,1457.3
2011/4/14,1474.18
2011/4/15,1486.7
2011/4/16,1486.7
2011/4/17,1486.7
2011/4/18,1495.3
2011/4/19,1496.32
2011/4/20,1502.55
2011/4/21,1506.25
2011/4/22,1506.85
2011/4/23,1506.85
2011/4/24,1506.85
2011/4/25,1507.23
2011/4/26,1506.3
2011/4/27,1527.35
2011/4/28,1536.2
2011/4/29,1563.7
2011/4/30,1563.7
2011/5/1,1563.7
2011/5/2,1545.35
2011/5/3,1535.97
2011/5/4,1516.32
2011/5/5,1474.3
2011/5/6,1495.6
2011/5/7,1495.6
2011/5/8,1495.6
2011/5/9,1513.75
2011/5/10,1516.28
2011/5/11,1501.2
2011/5/12,1505.9
2011/5/13,1495.02
2011/5/14,1495.02
2011/5/15,1495.02
2011/5/16,1489.3
2011/5/17,1486.8
2011/5/18,1497.15
2011/5/19,1493.35
2011/5/20,1512.3
2011/5/21,1512.3
2011/5/22,1512.3
2011/5/23,1517.03
2011/5/24,1526.63
2011/5/25,1525.32
2011/5/26,1519.15
2011/5/27,1536.4
2011/5/28,1536.4
2011/5/29,1536.4
2011/5/30,1537.15
2011/5/31,1535.8
2011/6/1,1539.8
2011/6/2,1533.57
2011/6/3,1541.95
2011/6/4,1541.95
2011/6/5,1541.95
2011/6/6,1544.65
2011/6/7,1544.15
2011/6/8,1537.65
2011/6/9,1544.1
2011/6/10,1531.65
2011/6/11,1531.65
2011/6/12,1531.65
2011/6/13,1516.1
2011/6/14,1523.78
2011/6/15,1530.88
2011/6/16,1529.8
2011/6/17,1539.45
2011/6/18,1539.45
2011/6/19,1539.45
2011/6/20,1540.7
2011/6/21,1546.3
2011/6/22,1548.95
2011/6/23,1521.4
2011/6/24,1502.65
2011/6/25,1502.65
2011/6/26,1502.65
2011/6/27,1498.05
2011/6/28,1501.4
2011/6/29,1512.3
2011/6/30,1500.35
2011/7/1,1487.78
2011/7/2,1487.78
2011/7/3,1487.78
2011/7/4,1497.07
2011/7/5,1515.65
2011/7/6,1528.9
2011/7/7,1532.38
2011/7/8,1544.15
2011/7/9,1544.15
2011/7/10,1544.15
2011/7/11,1553.47
2011/7/12,1567.7
2011/7/13,1582.38
2011/7/14,1587.3
2011/7/15,1593.55
2011/7/16,1593.55
2011/7/17,1593.55
2011/7/18,1604.85
2011/7/19,1588.45
2011/7/20,1600.5
2011/7/21,1590.7
2011/7/22,1601.27
2011/7/23,1601.27
2011/7/24,1601.27
2011/7/25,1614.15
2011/7/26,1619.3
2011/7/27,1613.65
2011/7/28,1615.95
2011/7/29,1627.88
2011/7/30,1627.88
2011/7/31,1627.88
2011/8/1,1619
2011/8/2,1661.18
2011/8/3,1661.75
2011/8/4,1646.53
2011/8/5,1663.8
2011/8/6,1663.8
2011/8/7,1663.8
2011/8/8,1719.53
2011/8/9,1740.4
2011/8/10,1793.05
2011/8/11,1764.1
2011/8/12,1746.9
2011/8/13,1746.9
2011/8/14,1746.9
2011/8/15,1765.85
2011/8/16,1785.7
2011/8/17,1791.25
2011/8/18,1823.8
2011/8/19,1852.1
2011/8/20,1852.1
2011/8/21,1852.1
2011/8/22,1897.6
2011/8/23,1828.35
2011/8/24,1759.32
2011/8/25,1774.15
2011/8/26,1827.95
2011/8/27,1827.95
2011/8/28,1827.95
2011/8/29,1788.43
2011/8/30,1835.43
2011/8/31,1825.72
2011/9/1,1826.15
2011/9/2,1882.88
2011/9/3,1882.88
2011/9/4,1882.88
2011/9/5,1900.23
2011/9/6,1875.4
2011/9/7,1817.47
2011/9/8,1870.18
2011/9/9,1855.7
2011/9/10,1855.7
2011/9/11,1855.7
2011/9/12,1815.3
2011/9/13,1833.6
2011/9/14,1819.63
2011/9/15,1788.57
2011/9/16,1811.88
2011/9/17,1811.88
2011/9/18,1811.88
2011/9/19,1778.68
2011/9/20,1803.63
2011/9/21,1782.35
2011/9/22,1740.13
2011/9/23,1656.8
2011/9/24,1656.8
2011/9/25,1656.8
2011/9/26,1626.35
2011/9/27,1650.13
2011/9/28,1608.8
2011/9/29,1614.4
2011/9/30,1623.97
2011/10/1,1623.97
2011/10/2,1623.97
2011/10/3,1658.32
2011/10/4,1623.95
2011/10/5,1641.05
2011/10/6,1651.43
2011/10/7,1637.85
2011/10/8,1637.85
2011/10/9,1637.85
2011/10/10,1676.55
2011/10/11,1662.4
2011/10/12,1676.03
2011/10/13,1668.14
2011/10/14,1680.73
2011/10/15,1680.73
2011/10/16,1680.73
2011/10/17,1670.85
2011/10/18,1657.85
2011/10/19,1640.75
2011/10/20,1620.8
2011/10/21,1642.38
2011/10/22,1642.38
2011/10/23,1642.38
2011/10/24,1653.48
2011/10/25,1705.53
2011/10/26,1724.82
2011/10/27,1744.85
2011/10/28,1743.75
2011/10/29,1743.75
2011/10/30,1743.75
2011/10/31,1714.85
2011/11/1,1719.9
2011/11/2,1738.6
2011/11/3,1763.82
2011/11/4,1754.65
2011/11/5,1754.65
2011/11/6,1754.65
2011/11/7,1795.1
2011/11/8,1786.3
2011/11/9,1769.95
2011/11/10,1758.4
2011/11/11,1788.68
2011/11/12,1788.68
2011/11/13,1788.68
2011/11/14,1780.43
2011/11/15,1780.82
2011/11/16,1763.38
2011/11/17,1721.78
2011/11/18,1723.95
2011/11/19,1723.95
2011/11/20,1723.95
2011/11/21,1677.32
2011/11/22,1699.82
2011/11/23,1692.27
2011/11/24,1694.32
2011/11/25,1683.53
2011/11/26,1683.53
2011/11/27,1683.53
2011/11/28,1712.35
2011/11/29,1715.72
2011/11/30,1746.38
2011/12/1,1744.82
2011/12/2,1746.75
2011/12/3,1746.75
2011/12/4,1746.75
2011/12/5,1723
2011/12/6,1728.2
2011/12/7,1741.8
2011/12/8,1708.38
2011/12/9,1711.6
2011/12/10,1711.6
2011/12/11,1711.6
2011/12/12,1666.57
2011/12/13,1631.57
2011/12/14,1574.05
2011/12/15,1570.52
2011/12/16,1598.95
2011/12/17,1598.95
2011/12/18,1598.95
2011/12/19,1594.27
2011/12/20,1615.9
2011/12/21,1615.23
2011/12/22,1605.55
2011/12/23,1606.35
2011/12/24,1606.35
2011/12/25,1606.35
2011/12/26,1606.95
2011/12/27,1593.22
2011/12/28,1555.43
2011/12/29,1545.97
2011/12/30,1563.7
2011/12/31,1563.7
2012/1/1,1563.7
2012/1/2,1566.27
2012/1/3,1603.5
2012/1/4,1611.6
2012/1/5,1622.72
2012/1/6,1617.95
2012/1/7,1617.95
2012/1/8,1617.95
2012/1/9,1611.57
2012/1/10,1632.35
2012/1/11,1641.97
2012/1/12,1650.25
2012/1/13,1639
2012/1/14,1639
2012/1/15,1639
2012/1/16,1643.8
2012/1/17,1652.05
2012/1/18,1659.95
2012/1/19,1658.35
2012/1/20,1666.65
2012/1/21,1666.65
2012/1/22,1666.65
2012/1/23,1677.18
2012/1/24,1665.68
2012/1/25,1710.57
2012/1/26,1720.65
2012/1/27,1739.07
2012/1/28,1739.07
2012/1/29,1739.07
2012/1/30,1730.07
2012/1/31,1737.6
2012/2/1,1743.4
2012/2/2,1759.48
2012/2/3,1726.25
2012/2/4,1726.25
2012/2/5,1726.25
2012/2/6,1720.35
2012/2/7,1745.48
2012/2/8,1733.2
2012/2/9,1729.4
2012/2/10,1722
2012/2/11,1722
2012/2/12,1722
2012/2/13,1722.27
2012/2/14,1720.18
2012/2/15,1728.15
2012/2/16,1728.07
2012/2/17,1723.38
2012/2/18,1723.38
2012/2/19,1723.38
2012/2/20,1734.95
2012/2/21,1759.13
2012/2/22,1776.22
2012/2/23,1780.68
2012/2/24,1772.45
2012/2/25,1772.45
2012/2/26,1772.45
2012/2/27,1767.68
2012/2/28,1784.23
2012/2/29,1696.85
2012/3/1,1718.28
2012/3/2,1712.6
2012/3/3,1712.6
2012/3/4,1712.6
2012/3/5,1706.5
2012/3/6,1674.32
2012/3/7,1684.98
2012/3/8,1699.77
2012/3/9,1713.65
2012/3/10,1713.65
2012/3/11,1713.65
2012/3/12,1701.32
2012/3/13,1674.1
2012/3/14,1644.88
2012/3/15,1658.43
2012/3/16,1660
2012/3/17,1660
2012/3/18,1660
2012/3/19,1664.52
2012/3/20,1650.77
2012/3/21,1650.43
2012/3/22,1645.9
2012/3/23,1661.9
2012/3/24,1661.9
2012/3/25,1661.9
2012/3/26,1690.07
2012/3/27,1680.77
2012/3/28,1663.68
2012/3/29,1661.57
2012/3/30,1668.35
2012/3/31,1668.35
2012/4/1,1668.35
2012/4/2,1677.68
2012/4/3,1646.13
2012/4/4,1620.77
2012/4/5,1631.23
2012/4/6,1636.43
2012/4/7,1636.43
2012/4/8,1636.43
2012/4/9,1640.2
2012/4/10,1659.93
2012/4/11,1659.13
2012/4/12,1675.77
2012/4/13,1658.15
2012/4/14,1658.15
2012/4/15,1658.15
2012/4/16,1651.88
2012/4/17,1649.57
2012/4/18,1642.1
2012/4/19,1642.93
2012/4/20,1642.93
2012/4/21,1642.93
2012/4/22,1642.93
2012/4/23,1638.82
2012/4/24,1642.27
2012/4/25,1643.63
2012/4/26,1657.43
2012/4/27,1662.75
2012/4/28,1662.75
2012/4/29,1662.75
2012/4/30,1664.75
2012/5/1,1662.43
2012/5/2,1653.5
2012/5/3,1635.98
2012/5/4,1642.22
2012/5/5,1642.22
2012/5/6,1642.22
2012/5/7,1638.55
2012/5/8,1605.47
2012/5/9,1589.57
2012/5/10,1594.02
2012/5/11,1579.4
2012/5/12,1579.4
2012/5/13,1579.4
2012/5/14,1556.72
2012/5/15,1544.21
2012/5/16,1539.57
2012/5/17,1574.27
2012/5/18,1592.99
2012/5/19,1592.99
2012/5/20,1592.99
2012/5/21,1593.07
2012/5/22,1568.5
2012/5/23,1561.45
2012/5/24,1559.25
2012/5/25,1573.03
2012/5/26,1573.03
2012/5/27,1573.03
2012/5/28,1580.94
2012/5/29,1555.15
2012/5/30,1563.38
2012/5/31,1560.43
2012/6/1,1624.1
2012/6/2,1624.1
2012/6/3,1624.1
2012/6/4,1618.85
2012/6/5,1617.05
2012/6/6,1619.3
2012/6/7,1589.4
2012/6/8,1593.45
2012/6/9,1593.45
2012/6/10,1593.45
2012/6/11,1596.77
2012/6/12,1609.8
2012/6/13,1617.05
2012/6/14,1623.73
2012/6/15,1627.1
2012/6/16,1627.1
2012/6/17,1627.1
2012/6/18,1628.07
2012/6/19,1618.52
2012/6/20,1607.48
2012/6/21,1566.28
2012/6/22,1572.45
2012/6/23,1572.45
2012/6/24,1572.45
2012/6/25,1584.48
2012/6/26,1572.93
2012/6/27,1574.2
2012/6/28,1552.63
2012/6/29,1597.4
2012/6/30,1597.4
2012/7/1,1597.4
2012/7/2,1597.1
2012/7/3,1617.35
2012/7/4,1615.63
2012/7/5,1604.68
2012/7/6,1583.75
2012/7/7,1583.75
2012/7/8,1583.75
2012/7/9,1587.68
2012/7/10,1567.28
2012/7/11,1576.4
2012/7/12,1571.95
2012/7/13,1589.68
2012/7/14,1589.68
2012/7/15,1589.68
2012/7/16,1589.38
2012/7/17,1583.4
2012/7/18,1573.52
2012/7/19,1581.43
2012/7/20,1584.5
2012/7/21,1584.5
2012/7/22,1584.5
2012/7/23,1576.95
2012/7/24,1580.95
2012/7/25,1604.45
2012/7/26,1615.77
2012/7/27,1622.9
2012/7/28,1622.9
2012/7/29,1622.9
2012/7/30,1621.97
2012/7/31,1614.3
2012/8/1,1599.48
2012/8/2,1588.63
2012/8/3,1603.48
2012/8/4,1603.48
2012/8/5,1603.48
2012/8/6,1610.5
2012/8/7,1612.2
2012/8/8,1612.13
2012/8/9,1617.25
2012/8/10,1620.2
2012/8/11,1620.2
2012/8/12,1620.2
2012/8/13,1609.75
2012/8/14,1599.05
2012/8/15,1603.1
2012/8/16,1615.1
2012/8/17,1616.05
2012/8/18,1616.05
2012/8/19,1616.05
2012/8/20,1620.5
2012/8/21,1637.8
2012/8/22,1654.65
2012/8/23,1670.6
2012/8/24,1670.55
2012/8/25,1670.55
2012/8/26,1670.55
2012/8/27,1664.1
2012/8/28,1666.9
2012/8/29,1656.5
2012/8/30,1655.6
2012/8/31,1692.01
2012/9/1,1692.01
2012/9/2,1692.01
2012/9/3,1692.5
2012/9/4,1695.75
2012/9/5,1693
2012/9/6,1700.28
2012/9/7,1735.65
2012/9/8,1735.65
2012/9/9,1735.65
2012/9/10,1726.25
2012/9/11,1732.2
2012/9/12,1730.8
2012/9/13,1767.04
2012/9/14,1770.4
2012/9/15,1770.4
2012/9/16,1770.4
2012/9/17,1761.45
2012/9/18,1772
2012/9/19,1770.4
2012/9/20,1768.6
2012/9/21,1773.1
2012/9/22,1773.1
2012/9/23,1773.1
2012/9/24,1764.45
2012/9/25,1760.65
2012/9/26,1752.75
2012/9/27,1777.25
2012/9/28,1772.1
2012/9/29,1772.1
2012/9/30,1772.1
2012/10/1,1775.3
2012/10/2,1774.7
2012/10/3,1778
2012/10/4,1790.4
2012/10/5,1780.6
2012/10/6,1780.6
2012/10/7,1780.6
2012/10/8,1774.95
2012/10/9,1764.3
2012/10/10,1762.35
2012/10/11,1767.35
2012/10/12,1754.48
2012/10/13,1754.48
2012/10/14,1754.48
2012/10/15,1737.55
2012/10/16,1747.6
2012/10/17,1750.15
2012/10/18,1741.3
2012/10/19,1721.75
2012/10/20,1721.75
2012/10/21,1721.75
2012/10/22,1728.5
2012/10/23,1707.65
2012/10/24,1701.95
2012/10/25,1712.1
2012/10/26,1711.3
2012/10/27,1711.3
2012/10/28,1711.3
2012/10/29,1709.35
2012/10/30,1709.6
2012/10/31,1720.65
2012/11/1,1714.25
2012/11/2,1678.1
2012/11/3,1678.1
2012/11/4,1678.1
2012/11/5,1685
2012/11/6,1716
2012/11/7,1717.75
2012/11/8,1731.45
2012/11/9,1731.18
2012/11/10,1731.18
2012/11/11,1731.18
2012/11/12,1728.2
2012/11/13,1725
2012/11/14,1726.35
2012/11/15,1715.8
2012/11/16,1713.75
2012/11/17,1713.75
2012/11/18,1713.75
2012/11/19,1731.7
2012/11/20,1727.3
2012/11/21,1728.7
2012/11/22,1729.55
2012/11/23,1753
2012/11/24,1753
2012/11/25,1753
2012/11/26,1748.65
2012/11/27,1742.15
2012/11/28,1719.75
2012/11/29,1725.7
2012/11/30,1714.8
2012/12/1,1714.8
2012/12/2,1714.8
2012/12/3,1716
2012/12/4,1697.55
2012/12/5,1693.95
2012/12/6,1699.9
2012/12/7,1704.05
2012/12/8,1704.05
2012/12/9,1704.05
2012/12/10,1712.95
2012/12/11,1710.3
2012/12/12,1711.65
2012/12/13,1696.95
2012/12/14,1696.1
2012/12/15,1696.1
2012/12/16,1696.1
2012/12/17,1698.15
2012/12/18,1671.1
2012/12/19,1667.25
2012/12/20,1647.7
2012/12/21,1657.25
2012/12/22,1657.25
2012/12/23,1657.25
2012/12/24,1657.48
2012/12/25,1658.9
2012/12/26,1659.75
2012/12/27,1664.26
2012/12/28,1655.85
2012/12/29,1655.85
2012/12/30,1655.85
2012/12/31,1675.35
2013/1/1,1665.16
2013/1/2,1686.9
2013/1/3,1663.95
2013/1/4,1655.65
2013/1/5,1655.65
2013/1/6,1655.65
2013/1/7,1646.95
2013/1/8,1659.25
2013/1/9,1657.75
2013/1/10,1675.45
2013/1/11,1662.8
2013/1/12,1662.8
2013/1/13,1662.8
2013/1/14,1667.85
2013/1/15,1679.45
2013/1/16,1679.95
2013/1/17,1687.55
2013/1/18,1684.3
2013/1/19,1684.3
2013/1/20,1684.3
2013/1/21,1690.05
2013/1/22,1692.7
2013/1/23,1685.85
2013/1/24,1667.95
2013/1/25,1658.7
2013/1/26,1658.7
2013/1/27,1658.7
2013/1/28,1655.5
2013/1/29,1663.8
2013/1/30,1677.05
2013/1/31,1663.65
2013/2/1,1667.45
2013/2/2,1667.45
2013/2/3,1667.45
2013/2/4,1673.7
2013/2/5,1672.95
2013/2/6,1677.7
2013/2/7,1671.65
2013/2/8,1667.2
2013/2/9,1667.2
2013/2/10,1667.2
2013/2/11,1647.95
2013/2/12,1651.15
2013/2/13,1642.55
2013/2/14,1634.75
2013/2/15,1610.1
2013/2/16,1610.1
2013/2/17,1610.1
2013/2/18,1610.05
2013/2/19,1605.05
2013/2/20,1564.55
2013/2/21,1576.4
2013/2/22,1581.4
2013/2/23,1581.4
2013/2/24,1581.4
2013/2/25,1593.5
2013/2/26,1613.85
2013/2/27,1597.4
2013/2/28,1579.58
2013/3/1,1576.23
2013/3/2,1576.23
2013/3/3,1576.23
2013/3/4,1573.77
2013/3/5,1575.5
2013/3/6,1583.9
2013/3/7,1578.97
2013/3/8,1578.8
2013/3/9,1578.8
2013/3/10,1578.8
2013/3/11,1581.55
2013/3/12,1592.8
2013/3/13,1587.7
2013/3/14,1590.2
2013/3/15,1591.95
2013/3/16,1591.95
2013/3/17,1591.95
2013/3/18,1605.63
2013/3/19,1612.75
2013/3/20,1606.83
2013/3/21,1614.88
2013/3/22,1608.58
2013/3/23,1608.58
2013/3/24,1608.58
2013/3/25,1605.08
2013/3/26,1600.04
2013/3/27,1605.25
2013/3/28,1596.82
2013/3/29,1598.75
2013/3/30,1598.75
2013/3/31,1598.75
2013/4/1,1599.52
2013/4/2,1575.9
2013/4/3,1557.95
2013/4/4,1554.59
2013/4/5,1581.15
2013/4/6,1581.15
2013/4/7,1581.15
2013/4/8,1573.64
2013/4/9,1585.34
2013/4/10,1558.54
2013/4/11,1561.45
2013/4/12,1483
2013/4/13,1483
2013/4/14,1483
2013/4/15,1347.95
2013/4/16,1367.89
2013/4/17,1376.5
2013/4/18,1390.59
2013/4/19,1390.59
2013/4/20,1390.59
2013/4/21,1390.59
2013/4/22,1426.45
2013/4/23,1413
2013/4/24,1431.95
2013/4/25,1467.88
2013/4/26,1462.09
2013/4/27,1462.09
2013/4/28,1462.09
2013/4/29,1475.93
2013/4/30,1476.75
2013/5/1,1457.58
2013/5/2,1467.08
2013/5/3,1470.75
2013/5/4,1470.75
2013/5/5,1470.75
2013/5/6,1469.4
2013/5/7,1452.73
2013/5/8,1474.07
2013/5/9,1458.25
2013/5/10,1448.2
2013/5/11,1448.2
2013/5/12,1448.2
2013/5/13,1430.58
2013/5/14,1425.4
2013/5/15,1393.03
2013/5/16,1386
2013/5/17,1359.55
2013/5/18,1359.55
2013/5/19,1359.55
2013/5/20,1393.8
2013/5/21,1376.37
2013/5/22,1370.4
2013/5/23,1391.1
2013/5/24,1386.65
2013/5/25,1386.65
2013/5/26,1386.65
2013/5/27,1394.78
2013/5/28,1381.23
2013/5/29,1393.1
2013/5/30,1414.15
2013/5/31,1387.92
2013/6/1,1387.92
2013/6/2,1387.92
2013/6/3,1411.4
2013/6/4,1399.43
2013/6/5,1403.4
2013/6/6,1413.91
2013/6/7,1383.05
2013/6/8,1383.05
2013/6/9,1383.05
2013/6/10,1386.5
2013/6/11,1378.37
2013/6/12,1388.9
2013/6/13,1386.02
2013/6/14,1390.74
2013/6/15,1390.74
2013/6/16,1390.74
2013/6/17,1385.35
2013/6/18,1367.65
2013/6/19,1351.26
2013/6/20,1285.05
2013/6/21,1296.4
2013/6/22,1296.4
2013/6/23,1296.4
2013/6/24,1282.38
2013/6/25,1277.65
2013/6/26,1226.65
2013/6/27,1200.65
2013/6/28,1234.57
2013/6/29,1234.57
2013/6/30,1234.57
2013/7/1,1252.55
2013/7/2,1243.49
2013/7/3,1252.83
2013/7/4,1249.9
2013/7/5,1223.2
2013/7/6,1223.2
2013/7/7,1223.2
2013/7/8,1237.07
2013/7/9,1251.44
2013/7/10,1259.78
2013/7/11,1286.2
2013/7/12,1285.7
2013/7/13,1285.7
2013/7/14,1285.7
2013/7/15,1284.57
2013/7/16,1292.22
2013/7/17,1276.11
2013/7/18,1284.24
2013/7/19,1296.1
2013/7/20,1296.1
2013/7/21,1296.1
2013/7/22,1335.88
2013/7/23,1345.2
2013/7/24,1322.25
2013/7/25,1333.9
2013/7/26,1333.3
2013/7/27,1333.3
2013/7/28,1333.3
2013/7/29,1328.02
2013/7/30,1326.3
2013/7/31,1325.25
2013/8/1,1310.11
2013/8/2,1311.75
2013/8/3,1311.75
2013/8/4,1311.75
2013/8/5,1303.07
2013/8/6,1283.17
2013/8/7,1287.65
2013/8/8,1313.4
2013/8/9,1314.4
2013/8/10,1314.4
2013/8/11,1314.4
2013/8/12,1338.3
2013/8/13,1321.67
2013/8/14,1336.15
2013/8/15,1366.31
2013/8/16,1376.87
2013/8/17,1376.87
2013/8/18,1376.87
2013/8/19,1365.98
2013/8/20,1371.17
2013/8/21,1366.76
2013/8/22,1376.17
2013/8/23,1397.75
2013/8/24,1397.75
2013/8/25,1397.75
2013/8/26,1404.7
2013/8/27,1415.09
2013/8/28,1417.51
2013/8/29,1407.75
2013/8/30,1395.15
2013/8/31,1395.15
2013/9/1,1395.15
2013/9/2,1391.32
2013/9/3,1412.42
2013/9/4,1391.63
2013/9/5,1367.5
2013/9/6,1391.9
2013/9/7,1391.9
2013/9/8,1391.9
2013/9/9,1387.03
2013/9/10,1363.85
2013/9/11,1365.47
2013/9/12,1321.67
2013/9/13,1326.39
2013/9/14,1326.39
2013/9/15,1326.39
2013/9/16,1312.98
2013/9/17,1310.64
2013/9/18,1364.02
2013/9/19,1366.35
2013/9/20,1326.05
2013/9/21,1326.05
2013/9/22,1326.05
2013/9/23,1322.74
2013/9/24,1323.35
2013/9/25,1334.48
2013/9/26,1324.09
2013/9/27,1336.65
2013/9/28,1336.65
2013/9/29,1336.65
2013/9/30,1328.94
2013/10/1,1287.65
2013/10/2,1316.19
2013/10/3,1316.77
2013/10/4,1310.8
2013/10/5,1310.8
2013/10/6,1310.8
2013/10/7,1323.23
2013/10/8,1319.32
2013/10/9,1305.8
2013/10/10,1287.6
2013/10/11,1272.18
2013/10/12,1272.18
2013/10/13,1272.18
2013/10/14,1272.39
2013/10/15,1282.38
2013/10/16,1282.48
2013/10/17,1320.34
2013/10/18,1316.25
2013/10/19,1316.25
2013/10/20,1316.25
2013/10/21,1316
2013/10/22,1340.15
2013/10/23,1333.42
2013/10/24,1346.78
2013/10/25,1350.8
2013/10/26,1350.8
2013/10/27,1350.8
2013/10/28,1352.65
2013/10/29,1345.05
2013/10/30,1344.57
2013/10/31,1323.1
2013/11/1,1316.2
2013/11/2,1316.2
2013/11/3,1316.2
2013/11/4,1314.35
2013/11/5,1311.81
2013/11/6,1317.93
2013/11/7,1307.65
2013/11/8,1288.6
2013/11/9,1288.6
2013/11/10,1288.6
2013/11/11,1282.8
2013/11/12,1268
2013/11/13,1281.82
2013/11/14,1287.2
2013/11/15,1290.2
2013/11/16,1290.2
2013/11/17,1290.2
2013/11/18,1275.4
2013/11/19,1275.65
2013/11/20,1244.25
2013/11/21,1243.08
2013/11/22,1243.63
2013/11/23,1243.63
2013/11/24,1243.63
2013/11/25,1251.3
2013/11/26,1242.79
2013/11/27,1237.97
2013/11/28,1244.13
2013/11/29,1253.49
2013/11/30,1253.49
2013/12/1,1253.49
2013/12/2,1219.75
2013/12/3,1223.42
2013/12/4,1243.78
2013/12/5,1225.17
2013/12/6,1229.05
2013/12/7,1229.05
2013/12/8,1229.05
2013/12/9,1240.41
2013/12/10,1262.18
2013/12/11,1252.25
2013/12/12,1225.52
2013/12/13,1238.8
2013/12/14,1238.8
2013/12/15,1238.8
2013/12/16,1241.3
2013/12/17,1231.05
2013/12/18,1218.5
2013/12/19,1188.68
2013/12/20,1203.3
2013/12/21,1203.3
2013/12/22,1203.3
2013/12/23,1198.82
2013/12/24,1204.23
2013/12/25,1204.24
2013/12/26,1210.6
2013/12/27,1213.35
2013/12/28,1213.35
2013/12/29,1213.35
2013/12/30,1196.5
2013/12/31,1205.65
2014/1/1,1200.9
2014/1/2,1224.4
2014/1/3,1237.01
2014/1/4,1237.01
2014/1/5,1237.01
2014/1/6,1238.07
2014/1/7,1232.1
2014/1/8,1225.94
2014/1/9,1227.95
2014/1/10,1248.45
2014/1/11,1248.45
2014/1/12,1248.45
2014/1/13,1253.22
2014/1/14,1245.19
2014/1/15,1241.86
2014/1/16,1242.39
2014/1/17,1254.05
2014/1/18,1254.05
2014/1/19,1254.05
2014/1/20,1254.66
2014/1/21,1241.41
2014/1/22,1237.08
2014/1/23,1264.14
2014/1/24,1270.07
2014/1/25,1270.07
2014/1/26,1270.07
2014/1/27,1257.1
2014/1/28,1256.88
2014/1/29,1267.24
2014/1/30,1243.92
2014/1/31,1244.55
2014/2/1,1244.55
2014/2/2,1244.55
2014/2/3,1257.68
2014/2/4,1254.72
2014/2/5,1257.92
2014/2/6,1258.19
2014/2/7,1267.27
2014/2/8,1267.27
2014/2/9,1267.27
2014/2/10,1274.78
2014/2/11,1291.46
2014/2/12,1291.18
2014/2/13,1302.9
2014/2/14,1318.69
2014/2/15,1318.69
2014/2/16,1318.69
2014/2/17,1331.5
2014/2/18,1321.97
2014/2/19,1311.6
2014/2/20,1322.94
2014/2/21,1324.28
2014/2/22,1324.28
2014/2/23,1324.28
2014/2/24,1336.98
2014/2/25,1340.64
2014/2/26,1330.57
2014/2/27,1331.33
2014/2/28,1326.44
2014/3/1,1326.44
2014/3/2,1326.44
2014/3/3,1350.58
2014/3/4,1334.34
2014/3/5,1336.9
2014/3/6,1350.85
2014/3/7,1339.98
2014/3/8,1339.98
2014/3/9,1339.98
2014/3/10,1339.72
2014/3/11,1348.97
2014/3/12,1366.54
2014/3/13,1370.06
2014/3/14,1381.4
2014/3/15,1381.4
2014/3/16,1381.4
2014/3/17,1365.85
2014/3/18,1355.81
2014/3/19,1330.85
2014/3/20,1330.23
2014/3/21,1333.3
2014/3/22,1333.3
2014/3/23,1333.3
2014/3/24,1308.57
2014/3/25,1311.41
2014/3/26,1304.07
2014/3/27,1290.74
2014/3/28,1293.7
2014/3/29,1293.7
2014/3/30,1293.7
2014/3/31,1284.72
2014/4/1,1279.03
2014/4/2,1290.51
2014/4/3,1286.73
2014/4/4,1302.7
2014/4/5,1302.7
2014/4/6,1302.7
2014/4/7,1296.91
2014/4/8,1308.27
2014/4/9,1312.09
2014/4/10,1317.68
2014/4/11,1318.1
2014/4/12,1318.1
2014/4/13,1318.1
2014/4/14,1326.23
2014/4/15,1302.55
2014/4/16,1302.13
2014/4/17,1294.35
2014/4/18,1294.6
2014/4/19,1294.6
2014/4/20,1294.6
2014/4/21,1290.12
2014/4/22,1283.85
2014/4/23,1283.51
2014/4/24,1293.83
2014/4/25,1303.5
2014/4/26,1303.5
2014/4/27,1303.82
2014/4/28,1295.69
2014/4/29,1295.79
2014/4/30,1291.52
2014/5/1,1284.7
2014/5/2,1299.6
2014/5/3,1299.6
2014/5/4,1299.6
2014/5/5,1309.46
2014/5/6,1307.37
2014/5/7,1289.57
2014/5/8,1289.91
2014/5/9,1289.2
2014/5/10,1289.2
2014/5/11,1289.2
2014/5/12,1295.23
2014/5/13,1294.04
2014/5/14,1305.26
2014/5/15,1296
2014/5/16,1292.5
2014/5/17,1292.5
2014/5/18,1292.5
2014/5/19,1292.64
2014/5/20,1293.84
2014/5/21,1292.27
2014/5/22,1293.55
2014/5/23,1292.3
2014/5/24,1292.3
2014/5/25,1292.3
2014/5/26,1292.34
2014/5/27,1262.3
2014/5/28,1258.27
2014/5/29,1255.63
2014/5/30,1250.5
2014/5/31,1250.5
2014/6/1,1250.5
2014/6/2,1243.39
2014/6/3,1244.7
2014/6/4,1245.35
2014/6/5,1253.05
2014/6/6,1252.6
2014/6/7,1252.6
2014/6/8,1252.6
2014/6/9,1251.81
2014/6/10,1258.14
2014/6/11,1260.74
2014/6/12,1273.5
2014/6/13,1276.63
2014/6/14,1276.63
2014/6/15,1276.63
2014/6/16,1271.34
2014/6/17,1271.55
2014/6/18,1277.87
2014/6/19,1319.62
2014/6/20,1314.1
2014/6/21,1314.1
2014/6/22,1314.1
2014/6/23,1317.35
2014/6/24,1318.07
2014/6/25,1318.05
2014/6/26,1316.69
2014/6/27,1315.2
2014/6/28,1315.2
2014/6/29,1315.2
2014/6/30,1326.43
2014/7/1,1326.2
2014/7/2,1327.2
2014/7/3,1320.02
2014/7/4,1319.3
2014/7/5,1319.3
2014/7/6,1319.3
2014/7/7,1319.72
2014/7/8,1319.14
2014/7/9,1325.72
2014/7/10,1335.46
2014/7/11,1338.4
2014/7/12,1338.4
2014/7/13,1338.4
2014/7/14,1308.01
2014/7/15,1294.63
2014/7/16,1298.74
2014/7/17,1318.53
2014/7/18,1310.2
2014/7/19,1310.2
2014/7/20,1310.2
2014/7/21,1311.9
2014/7/22,1307.95
2014/7/23,1304.31
2014/7/24,1293.85
2014/7/25,1307.8
2014/7/26,1307.8
2014/7/27,1307.8
2014/7/28,1303.95
2014/7/29,1298.95
2014/7/30,1295.88
2014/7/31,1282.73
2014/8/1,1293.8
2014/8/2,1293.8
2014/8/3,1293.8
2014/8/4,1288.59
2014/8/5,1288.54
2014/8/6,1305.62
2014/8/7,1312.63
2014/8/8,1309.3
2014/8/9,1309.3
2014/8/10,1309.3
2014/8/11,1307.98
2014/8/12,1308.41
2014/8/13,1312.25
2014/8/14,1316.32
2014/8/15,1304.4
2014/8/16,1304.4
2014/8/17,1304.4
2014/8/18,1297.9
2014/8/19,1295.79
2014/8/20,1290.96
2014/8/21,1277.11
2014/8/22,1280.7
2014/8/23,1280.7
2014/8/24,1280.7
2014/8/25,1275.76
2014/8/26,1280.82
2014/8/27,1282.32
2014/8/28,1289.7
2014/8/29,1287.01
2014/8/30,1287.01
2014/8/31,1287.01
2014/9/1,1287.05
2014/9/2,1265.62
2014/9/3,1269.01
2014/9/4,1261.2
2014/9/5,1268.3
2014/9/6,1268.3
2014/9/7,1268.3
2014/9/8,1256.33
2014/9/9,1255.15
2014/9/10,1249.2
2014/9/11,1240.07
2014/9/12,1228.1
2014/9/13,1228.1
2014/9/14,1228.1
2014/9/15,1232.57
2014/9/16,1234.25
2014/9/17,1222.37
2014/9/18,1225.27
2014/9/19,1216
2014/9/20,1216
2014/9/21,1216
2014/9/22,1214.68
2014/9/23,1222.42
2014/9/24,1216.85
2014/9/25,1221.3
2014/9/26,1218.8
2014/9/27,1218.8
2014/9/28,1218.8
2014/9/29,1214.85
2014/9/30,1208.35
2014/10/1,1212.75
2014/10/2,1213.91
2014/10/3,1190.85
2014/10/4,1190.85
2014/10/5,1190.85
2014/10/6,1206.37
2014/10/7,1208.66
2014/10/8,1220.68
2014/10/9,1223.65
2014/10/10,1223.2
2014/10/11,1223.2
2014/10/12,1223.2
2014/10/13,1236.22
2014/10/14,1232.5
2014/10/15,1239.92
2014/10/16,1238.68
2014/10/17,1238.1
2014/10/18,1238.1
2014/10/19,1238.1
2014/10/20,1246.71
2014/10/21,1248.97
2014/10/22,1242.14
2014/10/23,1232.97
2014/10/24,1230.9
2014/10/25,1230.9
2014/10/26,1230.9
2014/10/27,1225.68
2014/10/28,1228.14
2014/10/29,1211.73
2014/10/30,1199.6
2014/10/31,1172.59
2014/11/1,1172.59
2014/11/2,1172.59
2014/11/3,1165.2
2014/11/4,1168.38
2014/11/5,1140.26
2014/11/6,1141.57
2014/11/7,1177.6
2014/11/8,1177.6
2014/11/9,1177.6
2014/11/10,1150.97
2014/11/11,1163.85
2014/11/12,1162.6
2014/11/13,1162.4
2014/11/14,1188.4
2014/11/15,1188.4
2014/11/16,1188.4
2014/11/17,1186.5
2014/11/18,1196.45
2014/11/19,1182.06
2014/11/20,1193.53
2014/11/21,1201.15
2014/11/22,1201.15
2014/11/23,1201.15
2014/11/24,1197.7
2014/11/25,1200.6
2014/11/26,1198.1
2014/11/27,1191.4
2014/11/28,1167.23
2014/11/29,1167.23
2014/11/30,1167.23
2014/12/1,1211.75
2014/12/2,1197.67
2014/12/3,1209.39
2014/12/4,1205.03
2014/12/5,1192.1
2014/12/6,1192.1
2014/12/7,1192.1
2014/12/8,1203.15
2014/12/9,1230.63
2014/12/10,1226
2014/12/11,1227.5
2014/12/12,1222.3
2014/12/13,1222.3
2014/12/14,1222.3
2014/12/15,1192.7
2014/12/16,1196.9
2014/12/17,1189
2014/12/18,1198.65
2014/12/19,1195.5
2014/12/20,1195.5
2014/12/21,1195.5
2014/12/22,1176.75
2014/12/23,1176.35
2014/12/24,1173.6
2014/12/25,1173.66
2014/12/26,1195.05
2014/12/27,1195.05
2014/12/28,1195.05
2014/12/29,1183.2
2014/12/30,1200.4
2014/12/31,1183.8
2015/1/1,1183.81
2015/1/2,1188.86
2015/1/3,1188.86
2015/1/4,1188.86
2015/1/5,1204.21
2015/1/6,1218.9
2015/1/7,1210.56
2015/1/8,1208.73
2015/1/9,1223.13
2015/1/10,1223.13
2015/1/11,1223.13
2015/1/12,1233.34
2015/1/13,1230.58
2015/1/14,1229.68
2015/1/15,1261.75
2015/1/16,1279.96
2015/1/17,1279.96
2015/1/18,1279.96
2015/1/19,1276.46
2015/1/20,1293.59
2015/1/21,1293.26
2015/1/22,1301.53
2015/1/23,1294.29
2015/1/24,1294.29
2015/1/25,1294.29
2015/1/26,1281.04
2015/1/27,1292.24
2015/1/28,1284.85
2015/1/29,1257.2
2015/1/30,1283.12
2015/1/31,1283.12
2015/2/1,1283.12
2015/2/2,1275.01
2015/2/3,1259.84
2015/2/4,1269.91
2015/2/5,1264.51
2015/2/6,1233.38
2015/2/7,1233.38
2015/2/8,1233.38
2015/2/9,1239.48
2015/2/10,1233.76
2015/2/11,1218.85
2015/2/12,1222.22
2015/2/13,1229.64
2015/2/14,1229.64
2015/2/15,1229.64
2015/2/16,1230.49
2015/2/17,1209.23
2015/2/18,1212.6
2015/2/19,1207.13
2015/2/20,1202.08
2015/2/21,1202.08
2015/2/22,1202.08
2015/2/23,1201.6
2015/2/24,1199.67
2015/2/25,1204.69
2015/2/26,1208.89
2015/2/27,1213.06
2015/2/28,1213.06
2015/3/1,1213.06
2015/3/2,1206.79
2015/3/3,1203.79
2015/3/4,1199.8
2015/3/5,1198.42
2015/3/6,1166.95
2015/3/7,1166.95
2015/3/8,1166.95
2015/3/9,1166.95
2015/3/10,1161.42
2015/3/11,1154.78
2015/3/12,1152.37
2015/3/13,1158.02
2015/3/14,1158.02
2015/3/15,1158.02
2015/3/16,1154.19
2015/3/17,1149.12
2015/3/18,1167
2015/3/19,1171.3
2015/3/20,1182.2
2015/3/21,1182.2
2015/3/22,1182.2
2015/3/23,1189.06
2015/3/24,1192.6
2015/3/25,1195.15
2015/3/26,1203.9
2015/3/27,1198.8
2015/3/28,1198.8
2015/3/29,1198.8
2015/3/30,1185.1
2015/3/31,1183.3
2015/4/1,1203.7
2015/4/2,1201.5
2015/4/3,1202.52
2015/4/4,1202.52
2015/4/5,1202.52
2015/4/6,1214.47
2015/4/7,1208.25
2015/4/8,1202.65
2015/4/9,1194.3
2015/4/10,1207.5
2015/4/11,1207.5
2015/4/12,1207.5
2015/4/13,1198.35
2015/4/14,1192.4
2015/4/15,1201.6
2015/4/16,1198.1
2015/4/17,1204.1
2015/4/18,1204.1
2015/4/19,1204.1
2015/4/20,1196.25
2015/4/21,1202.39
2015/4/22,1187.06
2015/4/23,1193.89
2015/4/24,1178.97
2015/4/25,1178.97
2015/4/26,1178.97
2015/4/27,1201.62
2015/4/28,1211.94
2015/4/29,1204.72
2015/4/30,1183.97
2015/5/1,1178
2015/5/2,1178
2015/5/3,1178
2015/5/4,1187.97
2015/5/5,1193.02
2015/5/6,1191.29
2015/5/7,1184.4
2015/5/8,1187.5
2015/5/9,1187.5
2015/5/10,1187.5
2015/5/11,1183.55
2015/5/12,1193.15
2015/5/13,1214.69
2015/5/14,1221
2015/5/15,1223.7
2015/5/16,1223.7
2015/5/17,1223.7
2015/5/18,1225.05
2015/5/19,1207.55
2015/5/20,1209.45
2015/5/21,1206.25
2015/5/22,1205.4
2015/5/23,1205.4
2015/5/24,1205.4
2015/5/25,1206.86
2015/5/26,1187.15
2015/5/27,1187.9
2015/5/28,1187.95
2015/5/29,1190
2015/5/30,1190
2015/5/31,1190
2015/6/1,1188.95
2015/6/2,1192.95
2015/6/3,1184.95
2015/6/4,1176.45
2015/6/5,1171.5
2015/6/6,1171.5
2015/6/7,1171.5
2015/6/8,1173.45
2015/6/9,1176.05
2015/6/10,1185.35
2015/6/11,1181.95
2015/6/12,1180.8
2015/6/13,1180.8
2015/6/14,1180.8
2015/6/15,1185.55
2015/6/16,1181.35
2015/6/17,1185.25
2015/6/18,1201.25
2015/6/19,1200
2015/6/20,1200
2015/6/21,1200
2015/6/22,1185.75
2015/6/23,1177.65
2015/6/24,1174.7
2015/6/25,1172.95
2015/6/26,1175.04
2015/6/27,1175.04
2015/6/28,1175.04
2015/6/29,1179.85
2015/6/30,1172.75
2015/7/1,1168.6
2015/7/2,1166.05
2015/7/3,1168.28
2015/7/4,1168.28
2015/7/5,1168.28
2015/7/6,1169.78
2015/7/7,1154.65
2015/7/8,1156.95
2015/7/9,1159.35
2015/7/10,1162.65
2015/7/11,1162.65
2015/7/12,1162.65
2015/7/13,1157.45
2015/7/14,1155.05
2015/7/15,1148.85
2015/7/16,1144.55
2015/7/17,1134.32
2015/7/18,1134.32
2015/7/19,1134.32
2015/7/20,1097.45
2015/7/21,1100.85
2015/7/22,1093.95
2015/7/23,1090.15
2015/7/24,1098.9
2015/7/25,1098.9
2015/7/26,1098.9
2015/7/27,1094
2015/7/28,1094.85
2015/7/29,1096.55
2015/7/30,1087.95
2015/7/31,1095.01
2015/8/1,1095.01
2015/8/2,1095.01
2015/8/3,1086.25
2015/8/4,1087.35
2015/8/5,1084.65
2015/8/6,1089.15
2015/8/7,1093.64
2015/8/8,1093.64
2015/8/9,1093.64
2015/8/10,1103.85
2015/8/11,1108.6
2015/8/12,1124.75
2015/8/13,1114.55
2015/8/14,1114.54
2015/8/15,1114.54
2015/8/16,1114.54
2015/8/17,1117.35
2015/8/18,1117.45
2015/8/19,1133.85
2015/8/20,1152.35
2015/8/21,1160.23
2015/8/22,1160.23
2015/8/23,1160.23
2015/8/24,1154.65
2015/8/25,1140.35
2015/8/26,1124.75
2015/8/27,1125.35
2015/8/28,1133.07
2015/8/29,1133.07
2015/8/30,1133.07
2015/8/31,1134.35
2015/9/1,1139.75
2015/9/2,1133.35
2015/9/3,1124.75
2015/9/4,1121.24
2015/9/5,1121.24
2015/9/6,1121.24
2015/9/7,1118.68
2015/9/8,1121.45
2015/9/9,1106.33
2015/9/10,1111.15
2015/9/11,1107.26
2015/9/12,1107.26
2015/9/13,1107.26
2015/9/14,1107.92
2015/9/15,1104.95
2015/9/16,1118.95
2015/9/17,1130.45
2015/9/18,1138.9
2015/9/19,1138.9
2015/9/20,1138.9
2015/9/21,1132.95
2015/9/22,1124.05
2015/9/23,1129.95
2015/9/24,1153.55
2015/9/25,1145.87
2015/9/26,1145.87
2015/9/27,1145.87
2015/9/28,1131.65
2015/9/29,1126.75
2015/9/30,1114.55
2015/10/1,1113.15
2015/10/2,1137.52
2015/10/3,1137.52
2015/10/4,1137.52
2015/10/5,1135.35
2015/10/6,1146.55
2015/10/7,1144.85
2015/10/8,1138.45
2015/10/9,1155.58
2015/10/10,1155.58
2015/10/11,1155.58
2015/10/12,1163.15
2015/10/13,1168.25
2015/10/14,1184.05
2015/10/15,1182.75
2015/10/16,1176.55
2015/10/17,1176.55
2015/10/18,1176.55
2015/10/19,1170.35
2015/10/20,1175.55
2015/10/21,1166.65
2015/10/22,1165.35
2015/10/23,1163.81
2015/10/24,1163.81
2015/10/25,1163.81
2015/10/26,1162.95
2015/10/27,1166.35
2015/10/28,1155.55
2015/10/29,1145.45
2015/10/30,1141.59
2015/10/31,1141.59
2015/11/1,1141.59
2015/11/2,1133.5
2015/11/3,1117.54
2015/11/4,1107.32
2015/11/5,1103.68
2015/11/6,1088.64
2015/11/7,1088.64
2015/11/8,1088.64
2015/11/9,1092.03
2015/11/10,1089.85
2015/11/11,1085.94
2015/11/12,1084.84
2015/11/13,1083.51
2015/11/14,1083.51
2015/11/15,1083.51
2015/11/16,1082.78
2015/11/17,1070.22
2015/11/18,1071.07
2015/11/19,1082.18
2015/11/20,1077.75
2015/11/21,1077.75
2015/11/22,1077.75
2015/11/23,1069.13
2015/11/24,1075.44
2015/11/25,1071.32
2015/11/26,1072.07
2015/11/27,1058
2015/11/28,1058
2015/11/29,1058
2015/11/30,1064.52
2015/12/1,1069.27
2015/12/2,1053.7
2015/12/3,1062.2
2015/12/4,1086.66
2015/12/5,1086.66
2015/12/6,1086.66
2015/12/7,1070.37
2015/12/8,1074.49
2015/12/9,1072.98
2015/12/10,1071.35
2015/12/11,1074.62
2015/12/12,1074.62
2015/12/13,1074.62
2015/12/14,1062.73
2015/12/15,1060.56
2015/12/16,1072.71
2015/12/17,1051.6
2015/12/18,1066.06
2015/12/19,1066.06
2015/12/20,1066.06
2015/12/21,1078.28
2015/12/22,1072.34
2015/12/23,1069.96
2015/12/24,1075.8
2015/12/25,1076.45
2015/12/26,1076.45
2015/12/27,1076.45
2015/12/28,1068.78
2015/12/29,1068.71
2015/12/30,1061.18
2015/12/31,1061.08
2016/1/1,1061.08
2016/1/2,1061.08
2016/1/3,1061.08
2016/1/4,1074.49
2016/1/5,1077.65
2016/1/6,1094.32
2016/1/7,1108.95
2016/1/8,1103.97
2016/1/9,1103.97
2016/1/10,1103.97
2016/1/11,1094.06
2016/1/12,1086.97
2016/1/13,1093.16
2016/1/14,1077.81
2016/1/15,1088.91
2016/1/16,1088.91
2016/1/17,1088.91
2016/1/18,1088.94
2016/1/19,1086.98
2016/1/20,1100.92
2016/1/21,1101.4
2016/1/22,1097.63
2016/1/23,1097.63
2016/1/24,1097.63
2016/1/25,1107.74
2016/1/26,1120.21
2016/1/27,1125.21
2016/1/28,1114.85
2016/1/29,1118.01
2016/1/30,1118.01
2016/1/31,1118.01
2016/2/1,1128.5
2016/2/2,1128.78
2016/2/3,1142.62
2016/2/4,1155.6
2016/2/5,1173.47
2016/2/6,1173.47
2016/2/7,1173.47
2016/2/8,1191.01
2016/2/9,1188.95
2016/2/10,1197.14
2016/2/11,1246.68
2016/2/12,1237.83
2016/2/13,1237.83
2016/2/14,1237.83
2016/2/15,1208.88
2016/2/16,1199.91
2016/2/17,1208.65
2016/2/18,1231.36
2016/2/19,1227.65
2016/2/20,1227.65
2016/2/21,1227.65
2016/2/22,1208.54
2016/2/23,1226.97
2016/2/24,1229.19
2016/2/25,1234.39
2016/2/26,1222.98
2016/2/27,1222.98
2016/2/28,1222.98
2016/2/29,1237.97
2016/3/1,1232
2016/3/2,1240.06
2016/3/3,1263.67
2016/3/4,1258.78
2016/3/5,1258.78
2016/3/6,1258.78
2016/3/7,1267.31
2016/3/8,1260.91
2016/3/9,1252.78
2016/3/10,1271.2
2016/3/11,1248.45
2016/3/12,1248.45
2016/3/13,1248.45
2016/3/14,1234.35
2016/3/15,1231.85
2016/3/16,1261.95
2016/3/17,1257.45
2016/3/18,1255.07
2016/3/19,1255.07
2016/3/20,1255.07
2016/3/21,1243.15
2016/3/22,1247.85
2016/3/23,1219.75
2016/3/24,1216.83
2016/3/25,1216.72
2016/3/26,1216.72
2016/3/27,1216.72
2016/3/28,1220.95
2016/3/29,1241.35
2016/3/30,1224.69
2016/3/31,1232.15
2016/4/1,1221.84
2016/4/2,1221.84
2016/4/3,1221.84
2016/4/4,1214.95
2016/4/5,1230.95
2016/4/6,1222.35
2016/4/7,1240.35
2016/4/8,1239.32
2016/4/9,1239.32
2016/4/10,1239.32
2016/4/11,1257.25
2016/4/12,1254.55
2016/4/13,1242.05
2016/4/14,1226.95
2016/4/15,1229.9
2016/4/16,1229.9
2016/4/17,1229.9
2016/4/18,1232.2
2016/4/19,1249.4
2016/4/20,1242.6
2016/4/21,1247
2016/4/22,1231.8
2016/4/23,1231.8
2016/4/24,1231.8
2016/4/25,1237.6
2016/4/26,1243.3
2016/4/27,1245.7
2016/4/28,1265.85
2016/4/29,1292.77
2016/4/30,1292.77
2016/5/1,1292.77
2016/5/2,1291.7
2016/5/3,1286.3
2016/5/4,1279.6
2016/5/5,1278
2016/5/6,1288.03
2016/5/7,1288.03
2016/5/8,1288.03
2016/5/9,1263.45
2016/5/10,1265.15
2016/5/11,1276.85
2016/5/12,1262.85
2016/5/13,1272.45
2016/5/14,1272.45
2016/5/15,1272.45
2016/5/16,1272.7
2016/5/17,1278.6
2016/5/18,1256.7
2016/5/19,1253.6
2016/5/20,1251.95
2016/5/21,1251.95
2016/5/22,1251.95
2016/5/23,1248.88
2016/5/24,1226.55
2016/5/25,1224.15
2016/5/26,1219.6
2016/5/27,1214.22
2016/5/28,1214.22
2016/5/29,1214.22
2016/5/30,1205
2016/5/31,1214.95
2016/6/1,1212.05
2016/6/2,1210.55
2016/6/3,1243.82
2016/6/4,1243.82
2016/6/5,1243.82
2016/6/6,1244.95
2016/6/7,1243.25
2016/6/8,1262.25
2016/6/9,1269.05
2016/6/10,1273.58
2016/6/11,1273.58
2016/6/12,1273.58
2016/6/13,1283.6
2016/6/14,1285.5
2016/6/15,1291.5
2016/6/16,1277
2016/6/17,1298.18
2016/6/18,1298.18
2016/6/19,1298.18
2016/6/20,1289.9
2016/6/21,1267.1
2016/6/22,1265.9
2016/6/23,1256
2016/6/24,1317.32
2016/6/25,1317.32
2016/6/26,1317.32
2016/6/27,1324.8
2016/6/28,1311.96
2016/6/29,1317
2016/6/30,1321.51
2016/7/1,1343.4
2016/7/2,1343.4
2016/7/3,1343.4
2016/7/4,1350.73
2016/7/5,1355.2
2016/7/6,1362.8
2016/7/7,1360.1
2016/7/8,1365.85
2016/7/9,1365.85
2016/7/10,1365.85
2016/7/11,1355.5
2016/7/12,1332.4
2016/7/13,1342.19
2016/7/14,1334.1
2016/7/15,1337.29
2016/7/16,1337.29
2016/7/17,1337.29
2016/7/18,1328.2
2016/7/19,1331.5
2016/7/20,1315.3
2016/7/21,1330.7
2016/7/22,1322.1
2016/7/23,1322.1
2016/7/24,1322.1
2016/7/25,1315.2
2016/7/26,1319.5
2016/7/27,1341
2016/7/28,1335.05
2016/7/29,1350.57
2016/7/30,1350.57
2016/7/31,1350.57
2016/8/1,1353.1
2016/8/2,1363.5
2016/8/3,1357.4
2016/8/4,1361.4
2016/8/5,1336.53
2016/8/6,1336.53
2016/8/7,1336.53
2016/8/8,1334.9
2016/8/9,1340.7
2016/8/10,1346.9
2016/8/11,1338.5
2016/8/12,1335.49
2016/8/13,1335.49
2016/8/14,1335.49
2016/8/15,1338.85
2016/8/16,1346
2016/8/17,1348.3
2016/8/18,1350.9
2016/8/19,1339.77
2016/8/20,1339.77
2016/8/21,1339.77
2016/8/22,1338.65
2016/8/23,1337.3
2016/8/24,1323.4
2016/8/25,1321.8
2016/8/26,1320.59
2016/8/27,1320.59
2016/8/28,1320.59
2016/8/29,1322.65
2016/8/30,1310.7
2016/8/31,1308.9
2016/9/1,1314.7
2016/9/2,1327.2
2016/9/3,1327.2
2016/9/4,1327.2
2016/9/5,1326.83
2016/9/6,1349.75
2016/9/7,1344.25
2016/9/8,1337.4
2016/9/9,1328
2016/9/10,1328
2016/9/11,1328
2016/9/12,1328.7
2016/9/13,1318.05
2016/9/14,1322.55
2016/9/15,1322.55
2016/9/16,1309.72
2016/9/17,1309.72
2016/9/18,1309.72
2016/9/19,1312.6
2016/9/20,1314.9
2016/9/21,1336.2
2016/9/22,1337.3
2016/9/23,1337.1
2016/9/24,1337.1
2016/9/25,1337.1
2016/9/26,1337.4
2016/9/27,1326.1
2016/9/28,1321.3
2016/9/29,1320
2016/9/30,1316.1
2016/10/1,1316.1
2016/10/2,1316.1
2016/10/3,1310.3
2016/10/4,1268.1
2016/10/5,1266.1
2016/10/6,1253.8
2016/10/7,1256.5
2016/10/8,1256.5
2016/10/9,1256.5
2016/10/10,1259.6
2016/10/11,1252.05
2016/10/12,1254.75
2016/10/13,1257.25
2016/10/14,1250
2016/10/15,1250
2016/10/16,1250
2016/10/17,1254.9
2016/10/18,1262.2
2016/10/19,1269
2016/10/20,1265.2
2016/10/21,1265.71
2016/10/22,1265.71
2016/10/23,1265.71
2016/10/24,1263.8
2016/10/25,1273.3
2016/10/26,1265.7
2016/10/27,1267.8
2016/10/28,1275.4
2016/10/29,1275.4
2016/10/30,1275.4
2016/10/31,1276.75
2016/11/1,1287.5
2016/11/2,1297
2016/11/3,1301.4
2016/11/4,1303.7
2016/11/5,1303.7
2016/11/6,1303.7
2016/11/7,1281.57
2016/11/8,1275.93
2016/11/9,1277.3
2016/11/10,1258.72
2016/11/11,1227.23
2016/11/12,1227.23
2016/11/13,1227.23
2016/11/14,1220.24
2016/11/15,1228.06
2016/11/16,1224.58
2016/11/17,1215.88
2016/11/18,1207.97
2016/11/19,1207.97
2016/11/20,1207.97
2016/11/21,1213.66
2016/11/22,1211.8
2016/11/23,1188.06
2016/11/24,1183.86
2016/11/25,1183.8
2016/11/26,1183.8
2016/11/27,1183.8
2016/11/28,1193.3
2016/11/29,1188.15
2016/11/30,1173.2
2016/12/1,1171.45
2016/12/2,1176.7
2016/12/3,1176.7
2016/12/4,1176.7
2016/12/5,1169.97
2016/12/6,1169.5
2016/12/7,1173.92
2016/12/8,1174.37
2016/12/9,1174.37
2016/12/10,1174.37
2016/12/11,1174.37
2016/12/12,1174.37
2016/12/13,1174.37
2016/12/14,1174.37
2016/12/15,1174.37
2016/12/16,1174.37
2016/12/17,1174.37
2016/12/18,1174.37
2016/12/19,1174.37
2016/12/20,1174.37
2016/12/21,1174.37
2016/12/22,1174.37
2016/12/23,1174.37
2016/12/24,1174.37
2016/12/25,1174.37
2016/12/26,1174.37
2016/12/27,1174.37
2016/12/28,1174.37
2016/12/29,1174.37
2016/12/30,1174.37
2016/12/31,1174.37
2017/1/1,1174.37
2017/1/2,1174.37
2017/1/3,1174.37
2017/1/4,1174.37
2017/1/5,1174.37
2017/1/6,1174.37
2017/1/7,1174.37
2017/1/8,1174.37
2017/1/9,1174.37
2017/1/10,1174.37
2017/1/11,1174.37
2017/1/12,1174.37
2017/1/13,1174.37
2017/1/14,1174.37
2017/1/15,1174.37
2017/1/16,1174.37
2017/1/17,1174.37
2017/1/18,1174.37
2017/1/19,1174.37
2017/1/20,1174.37
2017/1/21,1174.37
2017/1/22,1174.37
2017/1/23,1174.37
2017/1/24,1174.37
2017/1/25,1174.37
2017/1/26,1174.37
2017/1/27,1174.37
2017/1/28,1174.37
2017/1/29,1174.37
2017/1/30,1174.37
2017/1/31,1174.37
2017/2/1,1174.37
2017/2/2,1174.37
2017/2/3,1174.37
2017/2/4,1174.37
2017/2/5,1174.37
2017/2/6,1174.37
2017/2/7,1174.37
2017/2/8,1174.37
2017/2/9,1174.37
2017/2/10,1174.37
2017/2/11,1174.37
2017/2/12,1174.37
2017/2/13,1174.37
2017/2/14,1174.37
2017/2/15,1174.37
2017/2/16,1174.37
2017/2/17,1174.37
2017/2/18,1174.37
2017/2/19,1174.37
2017/2/20,1174.37
2017/2/21,1174.37
2017/2/22,1174.37
2017/2/23,1174.37
2017/2/24,1174.37
2017/2/25,1174.37
2017/2/26,1174.37
2017/2/27,1174.37
2017/2/28,1174.37
2017/3/1,1174.37
2017/3/2,1174.37
2017/3/3,1174.37
2017/3/4,1174.37
2017/3/5,1174.37
2017/3/6,1174.37
2017/3/7,1174.37
2017/3/8,1174.37
2017/3/9,1174.37
2017/3/10,1174.37
2017/3/11,1174.37
2017/3/12,1174.37
2017/3/13,1174.37
2017/3/14,1174.37
2017/3/15,1174.37
2017/3/16,1174.37
2017/3/17,1174.37
2017/3/18,1174.37
2017/3/19,1174.37
2017/3/20,1174.37
2017/3/21,1174.37
2017/3/22,1174.37
2017/3/23,1174.37
2017/3/24,1174.37
2017/3/25,1174.37
2017/3/26,1174.37
2017/3/27,1174.37
2017/3/28,1174.37
2017/3/29,1174.37
2017/3/30,1174.37
2017/3/31,1174.37
2017/4/1,1174.37
2017/4/2,1174.37
2017/4/3,1174.37
2017/4/4,1174.37
2017/4/5,1174.37
2017/4/6,1174.37
2017/4/7,1174.37
2017/4/8,1174.37
2017/4/9,1174.37
2017/4/10,1174.37
2017/4/11,1174.37
2017/4/12,1174.37
2017/4/13,1174.37
2017/4/14,1174.37
2017/4/15,1174.37
2017/4/16,1174.37
2017/4/17,1174.37
2017/4/18,1174.37
2017/4/19,1174.37
2017/4/20,1174.37
2017/4/21,1174.37
2017/4/22,1174.37
2017/4/23,1174.37
2017/4/24,1174.37
2017/4/25,1174.37
2017/4/26,1174.37
2017/4/27,1174.37
2017/4/28,1174.37
2017/4/29,1174.37
2017/4/30,1174.37
2017/5/1,1174.37
2017/5/2,1174.37
2017/5/3,1174.37
2017/5/4,1174.37
2017/5/5,1174.37
2017/5/6,1174.37
2017/5/7,1174.37
2017/5/8,1174.37
2017/5/9,1174.37
2017/5/10,1174.37
2017/5/11,1174.37
2017/5/12,1174.37
2017/5/13,1174.37
2017/5/14,1174.37
2017/5/15,1174.37
2017/5/16,1174.37
2017/5/17,1174.37
2017/5/18,1174.37
2017/5/19,1174.37
2017/5/20,1174.37
2017/5/21,1174.37
2017/5/22,1174.37
2017/5/23,1174.37
2017/5/24,1174.37
2017/5/25,1174.37
2017/5/26,1174.37
2017/5/27,1174.37
2017/5/28,1174.37
2017/5/29,1174.37
2017/5/30,1174.37
2017/5/31,1174.37
2017/6/1,1174.37
2017/6/2,1174.37
2017/6/3,1174.37
2017/6/4,1174.37
2017/6/5,1174.37
2017/6/6,1174.37
2017/6/7,1174.37
2017/6/8,1174.37
2017/6/9,1174.37
2017/6/10,1174.37
2017/6/11,1174.37
2017/6/12,1174.37
2017/6/13,1174.37
2017/6/14,1174.37
2017/6/15,1174.37
2017/6/16,1174.37
2017/6/17,1174.37
2017/6/18,1174.37
2017/6/19,1174.37
2017/6/20,1174.37
2017/6/21,1174.37
2017/6/22,1174.37
2017/6/23,1174.37
2017/6/24,1174.37
2017/6/25,1174.37
2017/6/26,1174.37
2017/6/27,1174.37
2017/6/28,1174.37
2017/6/29,1174.37
2017/6/30,1174.37
2017/7/1,1174.37
2017/7/2,1174.37
2017/7/3,1174.37
2017/7/4,1174.37
2017/7/5,1174.37
2017/7/6,1174.37
2017/7/7,1174.37
2017/7/8,1174.37
2017/7/9,1174.37
2017/7/10,1174.37
2017/7/11,1174.37
2017/7/12,1174.37
2017/7/13,1174.37
2017/7/14,1174.37
2017/7/15,1174.37
2017/7/16,1174.37
2017/7/17,1174.37
2017/7/18,1174.37
2017/7/19,1174.37
2017/7/20,1174.37
2017/7/21,1174.37
2017/7/22,1174.37
2017/7/23,1174.37
2017/7/24,1174.37
2017/7/25,1174.37
2017/7/26,1174.37
2017/7/27,1174.37
2017/7/28,1174.37
2017/7/29,1174.37
2017/7/30,1174.37
2017/7/31,1174.37
2017/8/1,1174.37
2017/8/2,1174.37
2017/8/3,1174.37
2017/8/4,1174.37
2017/8/5,1174.37
2017/8/6,1174.37
2017/8/7,1174.37
2017/8/8,1174.37
2017/8/9,1174.37
2017/8/10,1174.37
2017/8/11,1174.37
2017/8/12,1174.37
2017/8/13,1174.37
2017/8/14,1174.37
2017/8/15,1174.37
2017/8/16,1174.37
2017/8/17,1174.37
2017/8/18,1174.37
2017/8/19,1174.37
2017/8/20,1174.37
2017/8/21,1174.37
2017/8/22,1174.37
2017/8/23,1174.37
2017/8/24,1174.37
2017/8/25,1174.37
2017/8/26,1174.37
2017/8/27,1174.37
2017/8/28,1174.37
2017/8/29,1174.37
2017/8/30,1174.37
2017/8/31,1174.37
2017/9/1,1174.37
2017/9/2,1174.37
2017/9/3,1174.37
2017/9/4,1174.37
2017/9/5,1174.37
2017/9/6,1174.37
2017/9/7,1174.37
2017/9/8,1174.37
2017/9/9,1174.37
2017/9/10,1174.37
2017/9/11,1174.37
2017/9/12,1174.37
2017/9/13,1174.37
2017/9/14,1174.37
2017/9/15,1174.37
2017/9/16,1174.37
2017/9/17,1174.37
2017/9/18,1174.37
2017/9/19,1174.37
2017/9/20,1174.37
2017/9/21,1174.37
2017/9/22,1174.37
2017/9/23,1174.37
2017/9/24,1174.37
2017/9/25,1174.37
2017/9/26,1174.37
2017/9/27,1174.37
2017/9/28,1174.37
2017/9/29,1174.37
2017/9/30,1174.37
2017/10/1,1174.37
2017/10/2,1174.37
2017/10/3,1174.37
2017/10/4,1174.37
2017/10/5,1174.37
2017/10/6,1174.37
2017/10/7,1174.37
2017/10/8,1174.37
2017/10/9,1174.37
2017/10/10,1174.37
2017/10/11,1174.37
2017/10/12,1174.37
2017/10/13,1174.37
2017/10/14,1174.37
2017/10/15,1174.37
2017/10/16,1174.37
2017/10/17,1174.37
2017/10/18,1174.37
2017/10/19,1174.37
2017/10/20,1174.37
2017/10/21,1174.37
2017/10/22,1174.37
2017/10/23,1174.37
2017/10/24,1174.37
2017/10/25,1174.37
2017/10/26,1174.37
2017/10/27,1174.37
2017/10/28,1174.37
2017/10/29,1174.37
2017/10/30,1174.37
2017/10/31,1174.37
2017/11/1,1174.37
2017/11/2,1174.37
2017/11/3,1174.37
